

DROP TABLE IF EXISTS `authors`;
CREATE TABLE authors (
  au_id INT NOT NULL,
  name varchar(255),
  PRIMARY KEY  (`au_id`)
);

INSERT INTO authors VALUES (1,'AMERICAN LIBRARY ASSOCIATION');
INSERT INTO authors VALUES (2,'ANDERSON, THEODORE');
INSERT INTO authors VALUES (3,'AXT, RICHARD G.');
INSERT INTO authors VALUES (4,'BALDERSTON, FREDERICK E.');
INSERT INTO authors VALUES (5,'BARZUN, JACQUES');
INSERT INTO authors VALUES (6,'BELL, DANIEL');
INSERT INTO authors VALUES (7,'BENSON, CHARLES S.');
INSERT INTO authors VALUES (8,'BERG, IVAR');
INSERT INTO authors VALUES (9,'BERSI, ROBERT M.');
INSERT INTO authors VALUES (10,'BEVERIDGE, WILLIAM I.');
INSERT INTO authors VALUES (11,'BIRD, CAROLINE');
INSERT INTO authors VALUES (12,'BISSELL, CLAUDE T.');
INSERT INTO authors VALUES (13,'BLAIR, GLENN MYERS');
INSERT INTO authors VALUES (14,'BLAKE, ELIAS, JR.');
INSERT INTO authors VALUES (15,'BOLAND, R.J.');
INSERT INTO authors VALUES (16,'BROWN, SANBORN C., ED.');
INSERT INTO authors VALUES (17,'BUCKLAND, MICHAEL K.');
INSERT INTO authors VALUES (18,'BUDIG, GENE A.');
INSERT INTO authors VALUES (19,'CALIFORNIA.  DEPT. OF JUSTICE');
INSERT INTO authors VALUES (20,'CAMPBELL, MARGARET A.');
INSERT INTO authors VALUES (21,'CARNEGIE COMMISSION ON HIGHER');
INSERT INTO authors VALUES (22,'CHANGE MAGAZINE');
INSERT INTO authors VALUES (23,'CHEIT, EARL F.');
INSERT INTO authors VALUES (24,'CLARKE, BURTON R.');
INSERT INTO authors VALUES (25,'CODD, E.F.');
INSERT INTO authors VALUES (26,'COLLEGE OF SAN MATEO');
INSERT INTO authors VALUES (27,'COLLEGE PLACEMENT COUNCIL, INC');
INSERT INTO authors VALUES (28,'COMMISSION ON ACADEMIC TENURE');
INSERT INTO authors VALUES (29,'COMMISSION TO STUDY NON-PUBLIC');
INSERT INTO authors VALUES (30,'CONANT, JAMES BRYANT');
INSERT INTO authors VALUES (31,'COOK, J. MARVIN');
INSERT INTO authors VALUES (32,'CORNFORD, F. M.');
INSERT INTO authors VALUES (33,'DAICHES, DAVID');
INSERT INTO authors VALUES (34,'DAVIS, JAMES');
INSERT INTO authors VALUES (35,'DEUTSCH, MONROE E.');
INSERT INTO authors VALUES (36,'DONOVAN, MICHAEL');
INSERT INTO authors VALUES (37,'DUGGAN, MARY KAY');
INSERT INTO authors VALUES (38,'EDUCATIONAL TESTING SERVICE');
INSERT INTO authors VALUES (39,'EIDENBERG, EUGENE');
INSERT INTO authors VALUES (40,'EURICH, ALVIN C.');
INSERT INTO authors VALUES (41,'FITZGIBBON, RUSSELL H.');
INSERT INTO authors VALUES (42,'FLEXNER, ABRAHAM');
INSERT INTO authors VALUES (43,'FORD FOUNDATION');
INSERT INTO authors VALUES (44,'FREIRE, PAULO');
INSERT INTO authors VALUES (45,'FUND FOR ADULT EDUCATION. EXPE');
INSERT INTO authors VALUES (46,'GASTNER, ALAN, ED.');
INSERT INTO authors VALUES (47,'GLAZER, NATHAN');
INSERT INTO authors VALUES (48,'HACK, WALTER G.');
INSERT INTO authors VALUES (49,'HAGGART, S. A.');
INSERT INTO authors VALUES (50,'HARVARD UNIVERSITY');
INSERT INTO authors VALUES (51,'HASKINS, JAMES');
INSERT INTO authors VALUES (52,'HIGHET, GILBERT');
INSERT INTO authors VALUES (53,'HOOPES, ROBERT');
INSERT INTO authors VALUES (54,'HOROWITZ, DAVID');
INSERT INTO authors VALUES (55,'HUBER, JOAN');
INSERT INTO authors VALUES (56,'HUTCHINS, ROBERT M.');
INSERT INTO authors VALUES (57,'ILLINOIS. COMMISSION TO STUDY');
INSERT INTO authors VALUES (58,'JAMES, GEOFFREY');
INSERT INTO authors VALUES (59,'JENCKS, CHRISTOPHER');
INSERT INTO authors VALUES (60,'JONES, HOWARD MUNFORD');
INSERT INTO authors VALUES (61,'KERR, CLARK');
INSERT INTO authors VALUES (62,'KNELLER, GEORGE');
INSERT INTO authors VALUES (63,'KNOELL, DOROTHY M.');
INSERT INTO authors VALUES (64,'KROLL, ARTHUR M.');
INSERT INTO authors VALUES (65,'LAMBERTON, D. M.');
INSERT INTO authors VALUES (66,'LARNOY, MARTIN');
INSERT INTO authors VALUES (67,'LAZERSON, MARVIN');
INSERT INTO authors VALUES (68,'LEE, PHILIP');
INSERT INTO authors VALUES (69,'MACDONALD, GARY B.');
INSERT INTO authors VALUES (70,'MACHLUP, FRITZ');
INSERT INTO authors VALUES (71,'MAYHEW, LEWIS B.');
INSERT INTO authors VALUES (72,'MEIKLEJOHN, ALEXANDER');
INSERT INTO authors VALUES (73,'MICHENER, JAMES ALBERT');
INSERT INTO authors VALUES (74,'MITCHELL, STEPHEN');
INSERT INTO authors VALUES (75,'MORISON, ROBERT S.');
INSERT INTO authors VALUES (76,'MOSCO, VINCENT');
INSERT INTO authors VALUES (77,'NAISBITT, JOHN');
INSERT INTO authors VALUES (78,'NEWMAN, FRANK');
INSERT INTO authors VALUES (79,'OFFICE OF EDUCATION');
INSERT INTO authors VALUES (80,'POLICY CONFERENCE ON ECONOMIC');
INSERT INTO authors VALUES (81,'POSTMAN, NEIL');
INSERT INTO authors VALUES (82,'PRICHARD, KEITH W.');
INSERT INTO authors VALUES (83,'PROFESSOR X');
INSERT INTO authors VALUES (84,'REISCHAUER, ROBERT D.');
INSERT INTO authors VALUES (85,'RICCI, CARLA');
INSERT INTO authors VALUES (86,'RIDGEWAY, JAMES');
INSERT INTO authors VALUES (87,'RIEFF, PHILIP');
INSERT INTO authors VALUES (88,'RUBIN, MICHAEL ROGERS');
INSERT INTO authors VALUES (89,'RUDOLPH, FREDERICK');
INSERT INTO authors VALUES (90,'RUHL, JANET');
INSERT INTO authors VALUES (91,'SCHEIN, EDGAR H.');
INSERT INTO authors VALUES (92,'SCHNEIDER, FRANZ');
INSERT INTO authors VALUES (93,'SHUMAN, BRUCE A.');
INSERT INTO authors VALUES (94,'SIZER, NANCY F.');
INSERT INTO authors VALUES (95,'SLOAN MANAGEMENT REVIEW');
INSERT INTO authors VALUES (96,'STANFORD UNIVERSITY STEERING C');
INSERT INTO authors VALUES (97,'STANFORD UNIVERSITY. STEERING');
INSERT INTO authors VALUES (98,'STANFORD UNIVERSITY. STUDY OF');
INSERT INTO authors VALUES (99,'STERNBERG, DAVID');
INSERT INTO authors VALUES (100,'TOLO, KENNETH W.');
INSERT INTO authors VALUES (101,'TUSSMAN, JOSEPH');
INSERT INTO authors VALUES (102,'UNIVERSITY OF CALIFORNIA');
INSERT INTO authors VALUES (103,'UNIVERSITY OF CALIFORNIA, BERK');
INSERT INTO authors VALUES (104,'UNIVERSITY OF CALIFORNIA. ALL');
INSERT INTO authors VALUES (105,'VAN DOREN, MARK');
INSERT INTO authors VALUES (106,'VEYSEY, LAURENCE R.');
INSERT INTO authors VALUES (107,'WARSHAW, STEPHEN');
INSERT INTO authors VALUES (108,'WASHINGTON [STATE]. STATE BOAR');
INSERT INTO authors VALUES (109,'WHITEHEAD, ALFRED NORTH');
INSERT INTO authors VALUES (110,'WILLIAMS, FREDERICK');
INSERT INTO authors VALUES (111,'WOLFF, ROBERT PAUL');
INSERT INTO authors VALUES (112,'WOODRING, PAUL');
INSERT INTO authors VALUES (113,'ZUBOFF, SHOSHANA');


DROP TABLE IF EXISTS `au_bib`;
CREATE TABLE au_bib (
  au_id INT NOT NULL,
  accno CHAR(6) NOT NULL
);

INSERT INTO au_bib VALUES (1,'A003');
INSERT INTO au_bib VALUES (2,'T082');
INSERT INTO au_bib VALUES (3,'C024');
INSERT INTO au_bib VALUES (4,'B006');
INSERT INTO au_bib VALUES (5,'B005');
INSERT INTO au_bib VALUES (5,'B007');
INSERT INTO au_bib VALUES (5,'B008');
INSERT INTO au_bib VALUES (6,'B010');
INSERT INTO au_bib VALUES (7,'B009');
INSERT INTO au_bib VALUES (8,'B012');
INSERT INTO au_bib VALUES (9,'B011');
INSERT INTO au_bib VALUES (10,'B014');
INSERT INTO au_bib VALUES (11,'B013');
INSERT INTO au_bib VALUES (12,'B016');
INSERT INTO au_bib VALUES (13,'B017');
INSERT INTO au_bib VALUES (14,'F047');
INSERT INTO au_bib VALUES (15,'B116');
INSERT INTO au_bib VALUES (16,'S102');
INSERT INTO au_bib VALUES (17,'B118');
INSERT INTO au_bib VALUES (18,'B018');
INSERT INTO au_bib VALUES (19,'C031');
INSERT INTO au_bib VALUES (20,'C032');
INSERT INTO au_bib VALUES (21,'C034');
INSERT INTO au_bib VALUES (22,'W098');
INSERT INTO au_bib VALUES (23,'C028');
INSERT INTO au_bib VALUES (24,'C029');
INSERT INTO au_bib VALUES (25,'C109');
INSERT INTO au_bib VALUES (26,'C030');
INSERT INTO au_bib VALUES (26,'R075');
INSERT INTO au_bib VALUES (27,'C023');
INSERT INTO au_bib VALUES (28,'C025');
INSERT INTO au_bib VALUES (29,'C026');
INSERT INTO au_bib VALUES (30,'C019');
INSERT INTO au_bib VALUES (31,'C021');
INSERT INTO au_bib VALUES (32,'C022');
INSERT INTO au_bib VALUES (33,'I055');
INSERT INTO au_bib VALUES (34,'K062');
INSERT INTO au_bib VALUES (35,'D035');
INSERT INTO au_bib VALUES (36,'K063');
INSERT INTO au_bib VALUES (37,'D121');
INSERT INTO au_bib VALUES (38,'E039');
INSERT INTO au_bib VALUES (39,'E040');
INSERT INTO au_bib VALUES (40,'C033');
INSERT INTO au_bib VALUES (41,'F042');
INSERT INTO au_bib VALUES (42,'F043');
INSERT INTO au_bib VALUES (43,'F044');
INSERT INTO au_bib VALUES (44,'F045');
INSERT INTO au_bib VALUES (45,'F046');
INSERT INTO au_bib VALUES (46,'A002');
INSERT INTO au_bib VALUES (47,'G048');
INSERT INTO au_bib VALUES (48,'E038');
INSERT INTO au_bib VALUES (49,'H049');
INSERT INTO au_bib VALUES (50,'H050');
INSERT INTO au_bib VALUES (51,'B015');
INSERT INTO au_bib VALUES (52,'H051');
INSERT INTO au_bib VALUES (53,'H052');
INSERT INTO au_bib VALUES (54,'H053');
INSERT INTO au_bib VALUES (55,'C027');
INSERT INTO au_bib VALUES (56,'H054');
INSERT INTO au_bib VALUES (57,'I056');
INSERT INTO au_bib VALUES (58,'J122');
INSERT INTO au_bib VALUES (59,'J058');
INSERT INTO au_bib VALUES (60,'J059');
INSERT INTO au_bib VALUES (61,'K060');
INSERT INTO au_bib VALUES (62,'I068');
INSERT INTO au_bib VALUES (63,'K061');
INSERT INTO au_bib VALUES (64,'I057');
INSERT INTO au_bib VALUES (65,'E036');
INSERT INTO au_bib VALUES (66,'L063');
INSERT INTO au_bib VALUES (67,'A004');
INSERT INTO au_bib VALUES (68,'L113');
INSERT INTO au_bib VALUES (69,'F041');
INSERT INTO au_bib VALUES (70,'M106');
INSERT INTO au_bib VALUES (71,'M064');
INSERT INTO au_bib VALUES (72,'M065');
INSERT INTO au_bib VALUES (73,'M066');
INSERT INTO au_bib VALUES (74,'M114');
INSERT INTO au_bib VALUES (75,'C020');
INSERT INTO au_bib VALUES (76,'M111');
INSERT INTO au_bib VALUES (77,'N119');
INSERT INTO au_bib VALUES (78,'R074');
INSERT INTO au_bib VALUES (79,'A001');
INSERT INTO au_bib VALUES (80,'P069');
INSERT INTO au_bib VALUES (81,'P070');
INSERT INTO au_bib VALUES (82,'P071');
INSERT INTO au_bib VALUES (83,'P072');
INSERT INTO au_bib VALUES (84,'R073');
INSERT INTO au_bib VALUES (85,'R076');
INSERT INTO au_bib VALUES (86,'R077');
INSERT INTO au_bib VALUES (87,'L068');
INSERT INTO au_bib VALUES (88,'R107');
INSERT INTO au_bib VALUES (89,'R078');
INSERT INTO au_bib VALUES (90,'R112');
INSERT INTO au_bib VALUES (91,'S100');
INSERT INTO au_bib VALUES (92,'S101');
INSERT INTO au_bib VALUES (93,'S110');
INSERT INTO au_bib VALUES (94,'M067');
INSERT INTO au_bib VALUES (95,'S115');
INSERT INTO au_bib VALUES (96,'S080');
INSERT INTO au_bib VALUES (97,'S079');
INSERT INTO au_bib VALUES (98,'S081');
INSERT INTO au_bib VALUES (99,'S120');
INSERT INTO au_bib VALUES (100,'E037');
INSERT INTO au_bib VALUES (101,'T083');
INSERT INTO au_bib VALUES (102,'U086');
INSERT INTO au_bib VALUES (102,'U088');
INSERT INTO au_bib VALUES (102,'U089');
INSERT INTO au_bib VALUES (102,'U090');
INSERT INTO au_bib VALUES (103,'L062');
INSERT INTO au_bib VALUES (103,'U085');
INSERT INTO au_bib VALUES (103,'U087');
INSERT INTO au_bib VALUES (104,'U084');
INSERT INTO au_bib VALUES (105,'V091');
INSERT INTO au_bib VALUES (106,'V092');
INSERT INTO au_bib VALUES (107,'W093');
INSERT INTO au_bib VALUES (108,'W094');
INSERT INTO au_bib VALUES (108,'W096');
INSERT INTO au_bib VALUES (109,'W095');
INSERT INTO au_bib VALUES (110,'W108');
INSERT INTO au_bib VALUES (111,'W097');
INSERT INTO au_bib VALUES (112,'W099');
INSERT INTO au_bib VALUES (113,'Z117');


DROP TABLE IF EXISTS `bib`;
CREATE TABLE bib (
  accno char(6) NOT NULL,
  title varchar(255) default NULL,
  loc varchar(50) default NULL,
  pubid INT(6) default NULL,
  dateinfo varchar(20) default NULL,
  price float default NULL,
  pagination varchar(30) default NULL,
  ill varchar(30) default NULL,
  height INT(6) default NULL,
  PRIMARY KEY  (`accno`)
) ;

INSERT INTO bib VALUES ('A003','ALA BULLETIN','CHICAGO','04','',3.00,'63 V.','ILL.',26.00);
INSERT INTO bib VALUES ('T082','THE TEACHING OF MODERN LANGUAGES','PARIS','53','1955',10.95,'294 P.','',22.00);
INSERT INTO bib VALUES ('C024','COLLEGE SELF STUDY : LECTURES ON INSTITU','BOULDER, CO.','51','1960',7.00,'X, 300 P.','GRAPHS',28.00);
INSERT INTO bib VALUES ('B006','MANAGING TODAYS UNIVERSITY','SAN FRANCISCO','27','1975',6.00,'XVI, 307 P.','',24.00);
INSERT INTO bib VALUES ('B007','TEACHER IN AMERICA','GARDEN CITY','18','1954',7.00,'280 P.','',18.00);
INSERT INTO bib VALUES ('B005','THE AMERICAN UNIVERSITY : HOW IT RUNS, W','NEW YORK','24','1970',5.00,'XII, 319 P.','',20.00);
INSERT INTO bib VALUES ('B008','THE HOUSE OF INTELLECT','NEW YORK','24','1961',8.00,'VIII, 271 P.','',21.00);
INSERT INTO bib VALUES ('B010','THE COMING OF POST-INDUSTRIAL SOCIETY :','NEW YORK','09','1976',10.00,'XXVII, 507 P.','',21.00);
INSERT INTO bib VALUES ('B009','IMPLEMENTING THE LEARNING SOCIETY','SAN FRANCISCO','27','1974',9.00,'XVII, 147 P.','',24.00);
INSERT INTO bib VALUES ('B012','EDUCATION AND JOBS : THE GREAT TRAINING','BOSTON','10','1971',12.00,'XX, 200 P.','',21.00);
INSERT INTO bib VALUES ('B011','RESTRUCTURING THE BACCALAUREATE','WASHINGTON, D.C.','03','1973',11.00,'IV, 160P.','',23.00);
INSERT INTO bib VALUES ('B014','THE ART OF SCIENTIFIC INVESTIGATION','NEW YORK','58','1957',14.00,'XIV, 239 P.','',18.00);
INSERT INTO bib VALUES ('B013','THE CASE AGAINST COLLEGE','NEW YORK','08','1975',13.00,'XII, 308 P.','',18.00);
INSERT INTO bib VALUES ('B016','THE STRENGTH OF THE UNIVERSITY','TORONTO','57','1968',14.00,'VII, 251 P.','',21.00);
INSERT INTO bib VALUES ('B017','EDUCATIONAL PSYCHOLOGY','NEW YORK','30','1962',11.00,'678 P.','',24.00);
INSERT INTO bib VALUES ('F047','THE FUTURE OF THE BLACK COLLEGES','CAMBRIDGE, MA.','02','1971',14.25,'VIII, PP. 539','',23.00);
INSERT INTO bib VALUES ('B116','CRITICAL ISSUES IN INFORMATION SYSTEMS R','CHICHESTER, ENG.','63','1987',30.95,'XV, 394 P.','ILL.',24.00);
INSERT INTO bib VALUES ('S102','SCIENTIFIC MANPOWER','CAMBRIDGE, MASS.','29','1971',4.00,'X, 180 P.','',26.00);
INSERT INTO bib VALUES ('B118','LIBRARY SERVICES IN THEORY AND CONTEXT','ELMSFORD, NY','70','1983',12.00,'XII, 201 P.','ILL.',23.00);
INSERT INTO bib VALUES ('B018','ACADEMIC QUICKSAND : SOME TRENDS AND ISS','LINCOLN, NEBRASKA','37','1973',13.00,'74 P.','',23.00);
INSERT INTO bib VALUES ('C031','LAW IN THE SCHOOL','MONTCLAIR, N.J.','35','1974',0.50,'IV, 87 P.','',21.00);
INSERT INTO bib VALUES ('C032','WHY WOULD A GIRL GO INTO MEDICINE?','OLD WESTBURY, N.Y.','48','1973',1.50,'V, 114 P.','',24.00);
INSERT INTO bib VALUES ('C034','A DIGEST OF REPORTS OF THE CARNEGIE COMM','NEW YORK','30','1974',3.50,'399 P.','',24.00);
INSERT INTO bib VALUES ('W098','WOMEN ON CAMPUS : THE UNFINISHED LIBERAT','NEW ROCHELLE, N.Y.','12','1975',8.00,'256 P.','ILL.',20.00);
INSERT INTO bib VALUES ('C028','THE NEW DEPRESSION IN HIGHER EDUCATION :','NEW YORK','30','1971',3.00,'XXI, 169 P.','',24.00);
INSERT INTO bib VALUES ('C029','THE OPENDOOR COLLEGE : A CASE STUDY','NEW YORK','30','1960',2.00,'XVI, 207 P.','',21.00);
INSERT INTO bib VALUES ('C109','THE RELATIONAL MODEL','READING, MA','66','1990',0.00,'XXII, 538 P.','',24.00);
INSERT INTO bib VALUES ('C030','A RESEARCH AND DEVELOPMENT PROJECT IN CO','SAN MATEO, CA.','13','1969',1.00,'49 P.','',28.00);
INSERT INTO bib VALUES ('R075','A RESEARCH AND DEVELOPMENT PROJECT IN CO','SAN MATEO, CALIF.','13','1964',14.75,'49 P.','',28.00);
INSERT INTO bib VALUES ('C023','COLLEGE PLACEMENT ANNUAL 1973','BETHLEHEM, PENN','14','1972',8.00,'480 P.','ILL.',28.00);
INSERT INTO bib VALUES ('C025','FACULTY TENURE : A REPORT AND RECOMMENDA','SAN FRANCISCO','27','1973',6.00,'XVIII, 276 P.','',24.00);
INSERT INTO bib VALUES ('C026','STRENGTHENING PRIVATE HIGHER EDUCATION I','ILLINOIS','47','1969',5.00,'142 P.','',23.00);
INSERT INTO bib VALUES ('C019','SLUMS AND SUBURBS','NEW YORK','30','1961',12.00,'VIII, 147 P.','',20.00);
INSERT INTO bib VALUES ('C021','THE FACULTY AS TEACHERS','WASHINGTON, D.C.','20','1971',10.00,'14 P.','',28.00);
INSERT INTO bib VALUES ('C022','MICROCOSMOGRAPHIA ACADEMICA','CHICAGO','56','1945',9.00,'X, 32 P.','',19.00);
INSERT INTO bib VALUES ('I055','THE IDEA OF A NEW UNIVERSITY','CAMBRIDGE, MASS.','29','1970',6.25,'272 P.','ILL.',21.00);
INSERT INTO bib VALUES ('K062','GREAT BOOKS AND SMALL GROUPS','NEW YORK','60','1961',12.00,'237 P.','',22.00);
INSERT INTO bib VALUES ('D035','THE COLLEGE FROM WITHIN','BERKELEY','55','1952',4.50,'XVI, 232 P.,','ILL.,POR.',21.00);
INSERT INTO bib VALUES ('K063','EDUCATION RECUPERATION','NEW YORK','40','1972',11.00,'187 P.','',22.00);
INSERT INTO bib VALUES ('D121','CD-ROM IN THE LIBRARY','BOSTON, MA','73','1990',17.95,'X, 126 P.','ILL.',23.00);
INSERT INTO bib VALUES ('E039','FLEXIBILITY FOR THE FUTURE: EDUCATIONAL','PRINCETON','19','1974',8.50,'95 P.','ILL.',23.00);
INSERT INTO bib VALUES ('E040','AN ACT OF CONGRESS','NEW YORK','','1969',9.50,'IV, 256 P.','',21.00);
INSERT INTO bib VALUES ('C033','CAMPUS 1980 : THE SHAPE OF THE FUTURE IN','NEW YORK','16','1968',2.50,'XIV, 326 P.','',20.00);
INSERT INTO bib VALUES ('F042','THE ACADEMIC SENATE OF THE UNIVERSITY OF','BERKELEY','54','1968',11.50,'VII, 119 P.','ILL.',23.00);
INSERT INTO bib VALUES ('F043','UNIVERSITIES: AMERICAN, ENGLISH, GERMAN','NEW YORK','34','1968',12.50,'XXXI, 381 P.','',21.00);
INSERT INTO bib VALUES ('F044','THE PAY OF PROFESSORS','NEW YORK','','1962',13.50,'35 P.','',23.00);
INSERT INTO bib VALUES ('F045','EDUCATION FOR CRITICAL CONSCIOUSNESS','NEW YORK','40','1973',14.50,'XIV, 164 P.','ILL.',21.00);
INSERT INTO bib VALUES ('F046','ACCENT ON LEARNING : AN ANALYTIC HISTORY','S.L.','49','1960',15.50,'','',20.00);
INSERT INTO bib VALUES ('A002','AFTER DESCHOOLING, WHAT?','NEW YORK','24','1973',2.00,'X, 162 P.','',18.00);
INSERT INTO bib VALUES ('G048','AFFIRMATIVE DISCRIMINATION','NEW YORK','09','1975',13.25,'248 P.','',22.00);
INSERT INTO bib VALUES ('E038','EDUCATIONAL ADMINISTRATION','BOSTON','01','1965',7.50,'XI, 386 P.','',22.00);
INSERT INTO bib VALUES ('H049','DEVELOPING A PROGRAM BUDGETING SYSTEM AS','SANTA MONICA','39','1969',12.25,'13 P.','',28.00);
INSERT INTO bib VALUES ('H050','THE PRESIDENTS REPORT.  V.1-','CAMBRIDGE, MA.','25','1826',11.25,'V.','',21.00);
INSERT INTO bib VALUES ('B015','BLACK MANIFESTO FOR EDUCATION','NEW YORK','60','1974',15.00,'XVI, 201P.','',21.00);
INSERT INTO bib VALUES ('H051','THE ART OF TEACHING','NEW YORK','58','1950',10.25,'XVII, 259 P.','',19.00);
INSERT INTO bib VALUES ('H052','SCIENCE IN THE COLLEGE CURRICULUM','ROCHESTER, MICHIGAN','33','1963',9.25,'X, 211 P.','',22.00);
INSERT INTO bib VALUES ('H053','STUDENT','NEW YORK','07','1962',8.25,'160 P.','',18.00);
INSERT INTO bib VALUES ('C027','CHANGING WOMEN IN A CHANGING SOCIETY','CHICAGO','56','1973',4.00,'295 P.','',23.00);
INSERT INTO bib VALUES ('H054','THE LEARNING SOCIETY','NEW YORK','31','1968',7.25,'IX, 173 P.','',18.00);
INSERT INTO bib VALUES ('I056','STRENGTHENING PRIVATE HIGHER EDUCATION I','SPRINGFIELD, ILL.','26','1969',5.25,'142 P.','',23.00);
INSERT INTO bib VALUES ('J122','THE TAO OF PROGRAMMING','SANTA MONICA, CA','74','1987',7.95,'XVII, 151 P.','ILL.',18.00);
INSERT INTO bib VALUES ('J058','THE ACADEMIC REVOLUTION','GARDEN CITY','18','1969',3.25,'XX, 580 P.','',23.00);
INSERT INTO bib VALUES ('J059','ONE GREAT SOCIETY : HUMANE LEARNING IN T','NEW YORK','23','1959',2.25,'XIII, 241 P.','',21.00);
INSERT INTO bib VALUES ('K060','THE USES OF THE UNIVERSITY','NEW YORK','24','1966',1.25,'VIII, 140 P.','',20.00);
INSERT INTO bib VALUES ('I068','INTRODUCTION TO PHILOSOPHY OF EDUCATION','NEW YORK','60','1964',9.50,'137 P.','',22.00);
INSERT INTO bib VALUES ('K061','FACTORS AFFECTING PERFORMANCE OF TRANSFE','BERKELEY, CA.','11','1964',0.25,'XI, 193 P.','',28.00);
INSERT INTO bib VALUES ('I057','ISSUES IN AMERICAN EDUCATION : COMMENTAR','NEW YORK','34','1970',4.25,'202 P.','',20.00);
INSERT INTO bib VALUES ('E036','ECONOMICS OF INFORMATION AND KNOWLEDGE:','LONDON & BALTIMORE','36','1971',5.50,'384 P.','',18.00);
INSERT INTO bib VALUES ('L063','THE LIMITS OF EDUCATIONAL REFORM','NEW YORK','15','1976',2.75,'XII, 290 P.','',21.00);
INSERT INTO bib VALUES ('A004','AMERICAN EDUCATION AND VOCATIONALISM','NEW YORK','44','1974',4.00,'XII, 176 P.','',19.00);
INSERT INTO bib VALUES ('L113','COMMUNICATION FOR ALL','MARYKNOLL, NY','69','1985',7.75,'XIII, 158 P.','',23.00);
INSERT INTO bib VALUES ('F041','FIVE EXPERIMENTAL COLLEGES : BANSALEM, A','NEW YORK','24','1973',15.00,'XIV, 257 P.','',20.00);
INSERT INTO bib VALUES ('M106','THE STUDY OF INFORMATION','NEW YORK','63','1983',0.00,'XXII, 743 P.','ILL.',24.00);
INSERT INTO bib VALUES ('M064','REFORM IN GRADUATE AND PROFESSIONAL EDUC','SAN FRANCISCO','27','1974',3.75,'XV, 254 P.','',24.00);
INSERT INTO bib VALUES ('M065','EDUCATION BETWEEN TWO WORLDS','NEW YORK','06','1942',4.75,'XII, 300 P.','',20.00);
INSERT INTO bib VALUES ('M066','KENT STATE : WHAT HAPPENED AND WHY','GREENWICH, CONN.','21','1971',5.75,'512 P.','8 LEAVES',18.00);
INSERT INTO bib VALUES ('M114','THE SELECTED POETRY OF RAINER MARIA RILK','BROOKLYN, NY','58','1982',5.95,'XLIV, 356 P.','',20.00);
INSERT INTO bib VALUES ('C020','THE CONTEMPORARY UNIVERSITY: U.S.A.','BOSTON','10','1967',11.00,'XVI, 364 P.','',20.00);
INSERT INTO bib VALUES ('M111','THE POLITICAL ECONOMY OF INFORMATION','MADISON, WI','67','1988',17.50,'VI, 334 P.','ILL.',23.00);
INSERT INTO bib VALUES ('N119','MEGATRENDS','NEW YORK, NY','71','1982',15.50,'290 P.','',24.00);
INSERT INTO bib VALUES ('R074','REPORT ON HIGHER EDUCATION','WASHINGTON, D.C.','52','1971',13.75,'XI, 130 P.','',24.00);
INSERT INTO bib VALUES ('A001','AMERICAN EDUCATION, V. 1- DEC. 1964/JAN','WASHINGTON, D.C.','52','',1.00,'V.','ILL.',31.00);
INSERT INTO bib VALUES ('P069','THE PLANNING OF EDUCATION IN RELATION TO','PARIS','32','1962',8.75,'58 P.','',24.00);
INSERT INTO bib VALUES ('P070','TEACHING AS A SUBVERSIVE ACTIVITY','NEW YORK','16','1969',9.75,'XV, 219 P.','',20.00);
INSERT INTO bib VALUES ('P071','CONCEPTS AND THEORIES IN SOCIOLOGY OF ED','LINCOLN, NEB.','37','1973',10.75,'167 P.','',23.00);
INSERT INTO bib VALUES ('P072','THIS BEATS WORKING FOR A LIVING','NEW ROCHELLE','05','1973',11.75,'160 P.','',22.00);
INSERT INTO bib VALUES ('R073','REFORMING SCHOOL FINANCE','WASHINGTON, D.C.','46','1973',12.75,'XII, 185 P.','',23.00);
INSERT INTO bib VALUES ('R076','RESOURCES FOR CONTINUING EDUCATION IN HE','CAMBRIDGE, MASS.','38','1976',15.75,'166 P.','ILL., MAP',25.00);
INSERT INTO bib VALUES ('R077','THE CLOSED CORPORATION : AMERICAN UNIVER','NEW YORK','07','1969',15.95,'241 P.','',18.00);
INSERT INTO bib VALUES ('L068','ON INTELLECTUALS : THEORETICAL STUDIES :','GARDEN CITY, NY','18','1970',7.75,'XII, 380 P.','',19.00);
INSERT INTO bib VALUES ('R107','INFORMATION ECONOMICS AND POLICY','LITTLETON, CO','64','1983',35.00,'XIV, 340 P.','ILL.',24.00);
INSERT INTO bib VALUES ('R078','THE AMERICAN COLLEGE AND UNIVERSITY : A','NEW YORK','58','1962',14.95,'IX, 516 P.','',20.00);
INSERT INTO bib VALUES ('R112','THE PROGRAMMERS SURVIVAL GUIDE','ENGLEWOOD CLIFFS, NJ','68','1989',12.00,'XXI, 280 P.','ILL.',23.00);
INSERT INTO bib VALUES ('S100','PROFESSIONAL EDUCATION : SOME NEW DIRECT','NEW YORK','30','1972',6.00,'XIII, 163 P.','',24.00);
INSERT INTO bib VALUES ('S101','STUDENTS EXAMINE THEIR PROFESSORS : A ST','BERKELEY','22','1939',5.00,'32 P.','',22.00);
INSERT INTO bib VALUES ('S110','THE LIBRARY OF THE FUTURE','ENGLEWOOD, CO','64','1989',20.00,'XIII, 140 P.','ILL.',24.00);
INSERT INTO bib VALUES ('M067','MORAL EDUCATION : FIVE LECTURES','CAMBRIDGE','25','1970',6.75,'136 P.','',20.00);
INSERT INTO bib VALUES ('S115','THE STRATEGIC USE OF INFORMATION TECHNOL','NEW YORK, NY','34','1987',34.95,'XIII, 206 P.','ILL.',25.00);
INSERT INTO bib VALUES ('S080','UNIVERSITY RESIDENCES AND CAMPUS LIFE','STANFORD','42','1968',12.95,'75 P.','',23.00);
INSERT INTO bib VALUES ('S079','GOVERNMENT OF THE UNIVERSITY','STANFORD','42','1968',12.95,'75 P.','',23.00);
INSERT INTO bib VALUES ('S081','THE STUDY OF GRADUATE EDUCATION AT STANF','STANFORD','42','1972',11.95,'X, 323 P.','',23.00);
INSERT INTO bib VALUES ('S120','HOW TO COMPLETE AND SURVIVE A DOCTORAL D','NEW YORK, NY','72','1981',6.95,'231 P.','ILL.',21.00);
INSERT INTO bib VALUES ('E037','EDUCATING A NATION : THE CHANGING AMERIC','AUSTIN','28','1973',6.50,'IX, 135 P.','',23.00);
INSERT INTO bib VALUES ('T083','EXPERIMENT AT BERKELEY','NEW YORK','34','1969',9.95,'IX, 139 P.','',21.00);
INSERT INTO bib VALUES ('U090','A DECADE OF COMMUNITY DEVELOPMENT TRAINI','BERKELEY, CA.','','1972',2.95,'III, 48[25] P','',28.00);
INSERT INTO bib VALUES ('U088','COMMUNICATION AND SOCIETY : AN INTERDEPA','BERKELEY','54','1975',4.95,'33 P.','',22.00);
INSERT INTO bib VALUES ('U089','HANDBOOK FOR FACULTY MEMBERS OF THE UNIV','S.L.','','1968',3.95,'VII, 87 P.','ILL,MAP',21.00);
INSERT INTO bib VALUES ('U086','REVISED ACADEMIC PLAN, 1969-1975','BERKELEY','50','1969',6.95,'VI, 217 P.','',23.00);
INSERT INTO bib VALUES ('U087','EDUCATION AT BERKELEY : REPORT OF THE SE','BERKELEY','55','1960',5.95,'XI, 252 P.','',21.00);
INSERT INTO bib VALUES ('L062','LIFELONG LEARNING','BERKELEY','54','1932',1.75,'V. 1-','ILL.',26.00);
INSERT INTO bib VALUES ('U085','THE BERKELEY CAMPUS AND THE PEOPLE OF CA','BERKELEY','55','1974',7.95,'VI, 67 P.','',28.00);
INSERT INTO bib VALUES ('U084','THE FUTURE OF GRADUATE AND PROFESSIONAL','S.L.','54','1971',8.95,'78 P.','',23.00);
INSERT INTO bib VALUES ('V091','LIBERAL EDUCATION','BOSTON','10','1972',1.95,'178 P.','',20.00);
INSERT INTO bib VALUES ('V092','THE EMERGENCE OF THE AMERICAN UNIVERSITY','CHICAGO','56','1970',0.95,'XIV, 505 P.','',21.00);
INSERT INTO bib VALUES ('W093','THE TROUBLE IN BERKELEY','BERKELEY, CALIF.','17','1965',27.95,'128 P.','ILLUS.',28.00);
INSERT INTO bib VALUES ('W094','A PLAN FOR COMMUNITY COLLEGE COMPUTER DE','OLYMPIA','43','1972',9.00,'72 P., 6 LEAV','',28.00);
INSERT INTO bib VALUES ('W096','WASHINGTONS OPEN DOOR COLLEGES : COMPAR','OLYMPIA, WASH.','45','1970',4.00,'21 P.','',28.00);
INSERT INTO bib VALUES ('W095','THE AIMS OF EDUCATION AND OTHER ESSAYS','NEW YORK','31','1949',35.00,'166 P.','',18.00);
INSERT INTO bib VALUES ('W108','MEASURING THE INFORMATION SOCIETY','NEWBURY PARK, CA','65','1988',0.00,'286 P.','ILL.',22.00);
INSERT INTO bib VALUES ('W097','THE IDEAL OF THE UNIVERSITY','BOSTON','10','1970',9.00,'XIII, 161 P.','',20.00);
INSERT INTO bib VALUES ('W099','THE HIGHER LEARNING IN AMERICA: A REASSE','NEW YORK','30','1968',7.00,'XV, 236 P.','',21.00);
INSERT INTO bib VALUES ('Z117','IN THE AGE OF THE SMART MACHINE','NEW YORK, NY','09','1988',21.95,'XIX, 468 P.','',24.00);


DROP TABLE IF EXISTS `callno`;
CREATE TABLE callno (
  accno char(6) NOT NULL,
  libid INT NOT NULL,
  callno varchar(30) default NULL,
  copies INT(6) default NULL,
  PRIMARY KEY  (`accno`,`libid`)
) ;


INSERT INTO callno VALUES ('A001',10,'370.4',1);
INSERT INTO callno VALUES ('A002',1,'LC1390',2);
INSERT INTO callno VALUES ('A002',2,'370.1',1);
INSERT INTO callno VALUES ('A002',3,'LC5158',2);
INSERT INTO callno VALUES ('A002',4,'371.1',2);
INSERT INTO callno VALUES ('A002',5,'LC1390',3);
INSERT INTO callno VALUES ('A002',6,'370.1',1);
INSERT INTO callno VALUES ('A002',7,'LC1393',1);
INSERT INTO callno VALUES ('A002',8,'370.11',1);
INSERT INTO callno VALUES ('A002',9,'LC1390',1);
INSERT INTO callno VALUES ('A002',10,'370',0);
INSERT INTO callno VALUES ('A002',11,'LC1395',1);
INSERT INTO callno VALUES ('A002',12,'375',1);
INSERT INTO callno VALUES ('A002',13,'LC1398',1);
INSERT INTO callno VALUES ('A002',14,'370.125',1);
INSERT INTO callno VALUES ('A003',1,'LC251',6);
INSERT INTO callno VALUES ('A004',2,'371.11',1);
INSERT INTO callno VALUES ('B005',3,'LC111',1);
INSERT INTO callno VALUES ('B006',4,'370.9',1);
INSERT INTO callno VALUES ('B007',5,'LA0000',1);
INSERT INTO callno VALUES ('B008',6,'370.11',1);
INSERT INTO callno VALUES ('B009',7,'LB3640',2);
INSERT INTO callno VALUES ('B010',8,'370.12',1);
INSERT INTO callno VALUES ('B011',9,'LB125',1);
INSERT INTO callno VALUES ('B012',10,'370.21',1);
INSERT INTO callno VALUES ('B013',11,'LB3395',1);
INSERT INTO callno VALUES ('B014',12,'370.21',1);
INSERT INTO callno VALUES ('B015',13,'LB3095',1);
INSERT INTO callno VALUES ('B016',14,'370.5',1);
INSERT INTO callno VALUES ('B017',1,'LB1051',1);
INSERT INTO callno VALUES ('B017',14,'370.95',1);
INSERT INTO callno VALUES ('B018',1,'LB1091',1);
INSERT INTO callno VALUES ('B018',10,'370.01',1);
INSERT INTO callno VALUES ('C019',3,'LB1093',1);
INSERT INTO callno VALUES ('C019',11,'LB1101',1);
INSERT INTO callno VALUES ('C020',12,'370.10',2);
INSERT INTO callno VALUES ('C020',14,'370.11',1);
INSERT INTO callno VALUES ('C021',12,'370.12',1);
INSERT INTO callno VALUES ('C021',13,'LB1139',1);
INSERT INTO callno VALUES ('C022',1,'LB1140',1);
INSERT INTO callno VALUES ('C022',2,'370.12',1);
INSERT INTO callno VALUES ('C023',10,'370.14',1);
INSERT INTO callno VALUES ('C023',14,'370.195',1);
INSERT INTO callno VALUES ('C024',4,'370.001',3);
INSERT INTO callno VALUES ('C024',7,'LB1141',1);
INSERT INTO callno VALUES ('C025',4,'370.025',1);
INSERT INTO callno VALUES ('C026',5,'LB1489',1);
INSERT INTO callno VALUES ('C026',9,'LB1501',1);
INSERT INTO callno VALUES ('C027',8,'370.001',1);
INSERT INTO callno VALUES ('C027',14,'370',1);
INSERT INTO callno VALUES ('C028',5,'LB1547',1);
INSERT INTO callno VALUES ('C028',13,'LB1555',1);
INSERT INTO callno VALUES ('C029',2,'370.21',1);
INSERT INTO callno VALUES ('C029',7,'LB1602',1);
INSERT INTO callno VALUES ('C029',14,'370.31',1);
INSERT INTO callno VALUES ('C030',10,'370.41',1);
INSERT INTO callno VALUES ('C030',12,'370.51',1);
INSERT INTO callno VALUES ('C030',14,'370.61',1);
INSERT INTO callno VALUES ('C031',4,'370.71',2);
INSERT INTO callno VALUES ('C031',5,'LB1603',1);
INSERT INTO callno VALUES ('C031',6,'370',1);
INSERT INTO callno VALUES ('C031',7,'LB1695',1);
INSERT INTO callno VALUES ('C032',8,'370.6',1);
INSERT INTO callno VALUES ('C032',9,'LB1705',1);
INSERT INTO callno VALUES ('C032',13,'LB2286',1);
INSERT INTO callno VALUES ('C032',14,'370.11',2);
INSERT INTO callno VALUES ('C033',1,'LB2300',1);
INSERT INTO callno VALUES ('C033',2,'370',2);
INSERT INTO callno VALUES ('C033',3,'LB2430',2);
INSERT INTO callno VALUES ('C034',10,'370.2',2);
INSERT INTO callno VALUES ('C034',11,'LB2801',2);
INSERT INTO callno VALUES ('C034',13,'LB3095',2);
INSERT INTO callno VALUES ('D035',1,'LB3201',2);
INSERT INTO callno VALUES ('D035',7,'LB3325',1);
INSERT INTO callno VALUES ('D035',10,'370.3',2);
INSERT INTO callno VALUES ('D035',12,'370.4',1);
INSERT INTO callno VALUES ('D035',14,'370.5',1);
INSERT INTO callno VALUES ('E036',4,'370.6',2);
INSERT INTO callno VALUES ('E036',5,'LB3401',1);
INSERT INTO callno VALUES ('E036',6,'370.7',2);
INSERT INTO callno VALUES ('E036',7,'LB3499',2);
INSERT INTO callno VALUES ('E036',8,'370.8',1);
INSERT INTO callno VALUES ('E037',14,'370.9',2);
INSERT INTO callno VALUES ('E038',12,'370.15',1);
INSERT INTO callno VALUES ('E039',10,'370.25',1);
INSERT INTO callno VALUES ('E040',8,'370.35',1);
INSERT INTO callno VALUES ('F041',6,'370.45',2);
INSERT INTO callno VALUES ('F042',4,'370.55',2);
INSERT INTO callno VALUES ('F043',2,'370.65',2);
INSERT INTO callno VALUES ('F043',13,'LB3525',1);
INSERT INTO callno VALUES ('F044',11,'LB3640',1);
INSERT INTO callno VALUES ('F045',9,'LC8',1);
INSERT INTO callno VALUES ('F046',7,'LC63',1);
INSERT INTO callno VALUES ('F047',5,'LC65',1);
INSERT INTO callno VALUES ('G048',3,'LC245',1);
INSERT INTO callno VALUES ('H049',1,'LC251',1);
INSERT INTO callno VALUES ('H050',6,'370',1);
INSERT INTO callno VALUES ('H051',7,'LC951',1);
INSERT INTO callno VALUES ('H052',8,'370.5',1);
INSERT INTO callno VALUES ('H053',5,'LC1001',1);
INSERT INTO callno VALUES ('H054',9,'LC1091',1);
INSERT INTO callno VALUES ('I055',4,'370',1);
INSERT INTO callno VALUES ('I056',10,'370.10',1);
INSERT INTO callno VALUES ('I057',3,'LC1390',1);
INSERT INTO callno VALUES ('I068',3,'LB885',1);
INSERT INTO callno VALUES ('J058',11,'LC5158',1);
INSERT INTO callno VALUES ('J059',2,'370.11',1);
INSERT INTO callno VALUES ('K060',12,'370.999',1);
INSERT INTO callno VALUES ('K061',1,'LC5205',1);
INSERT INTO callno VALUES ('K062',13,'LC6691',1);
INSERT INTO callno VALUES ('K063',14,'370',1);
INSERT INTO callno VALUES ('M064',9,'LA99999',1);
INSERT INTO callno VALUES ('M065',4,'371.1',1);
INSERT INTO callno VALUES ('M066',13,'LB51',1);
INSERT INTO callno VALUES ('M067',8,'370.1',1);
INSERT INTO callno VALUES ('P069',12,'370',1);
INSERT INTO callno VALUES ('P070',2,'370',1);
INSERT INTO callno VALUES ('P071',7,'LB1025',1);
INSERT INTO callno VALUES ('P072',5,'LB1050',1);
INSERT INTO callno VALUES ('R073',10,'370.5',1);
INSERT INTO callno VALUES ('R074',11,'LB1023',2);
INSERT INTO callno VALUES ('R075',12,'370.52',1);
INSERT INTO callno VALUES ('R076',10,'370.2',1);
INSERT INTO callno VALUES ('R077',14,'LA412',1);
INSERT INTO callno VALUES ('R078',14,'LC300',2);
INSERT INTO callno VALUES ('S079',13,'370.4',1);
INSERT INTO callno VALUES ('S080',11,'LC400',1);
INSERT INTO callno VALUES ('S081',12,'370.71',1);
INSERT INTO callno VALUES ('S100',10,'371.2',1);
INSERT INTO callno VALUES ('S101',10,'370.4',1);
INSERT INTO callno VALUES ('S102',14,'LB1050',1);
INSERT INTO callno VALUES ('T082',10,'371.1',1);
INSERT INTO callno VALUES ('T083',11,'LC371',1);
INSERT INTO callno VALUES ('U084',13,'371.3',1);
INSERT INTO callno VALUES ('U085',14,'LD220',2);
INSERT INTO callno VALUES ('U086',14,'LA200',2);
INSERT INTO callno VALUES ('U087',14,'LC330',1);
INSERT INTO callno VALUES ('U088',14,'LD405',2);
INSERT INTO callno VALUES ('U089',14,'LA140',1);
INSERT INTO callno VALUES ('U090',14,'LC440',1);
INSERT INTO callno VALUES ('V091',14,'LC390',1);
INSERT INTO callno VALUES ('V092',14,'LB240',1);
INSERT INTO callno VALUES ('W093',14,'LA312',1);
INSERT INTO callno VALUES ('W094',14,'LD350',3);
INSERT INTO callno VALUES ('W095',14,'LA225',1);
INSERT INTO callno VALUES ('W096',14,'LB600',1);
INSERT INTO callno VALUES ('W097',14,'LA490',1);
INSERT INTO callno VALUES ('W098',14,'LB490',2);
INSERT INTO callno VALUES ('W099',14,'LA340',1);
INSERT INTO callno VALUES ('M106',1,'Z665S826 1985',1);
INSERT INTO callno VALUES ('M106',2,'020.1',1);
INSERT INTO callno VALUES ('R107',1,'P96E252U64 1983',1);
INSERT INTO callno VALUES ('R107',2,'302.2',1);
INSERT INTO callno VALUES ('W108',1,'HC79I55M4 1988',1);
INSERT INTO callno VALUES ('W108',2,'303.483',1);
INSERT INTO callno VALUES ('C109',1,'QA76.9D3C626',1);
INSERT INTO callno VALUES ('C109',2,'005.74',1);
INSERT INTO callno VALUES ('S110',3,'Z665S485 1989',1);
INSERT INTO callno VALUES ('S110',5,'Z665S485 1989',1);
INSERT INTO callno VALUES ('M111',3,'P91P6 1987',1);
INSERT INTO callno VALUES ('M111',5,'P91P6 1987',1);
INSERT INTO callno VALUES ('R112',3,'QA76.25R84 1989',1);
INSERT INTO callno VALUES ('R112',5,'QA76.25R84 1989',1);
INSERT INTO callno VALUES ('L113',3,'P96I5C66 1986',1);
INSERT INTO callno VALUES ('L113',5,'P96I5C66 1986',1);
INSERT INTO callno VALUES ('M114',3,'PT2635I65A2525',1);
INSERT INTO callno VALUES ('M114',5,'PT2635I65A2525',1);
INSERT INTO callno VALUES ('S115',10,'658.05',1);
INSERT INTO callno VALUES ('S115',14,'HD30.2S79 1987',1);
INSERT INTO callno VALUES ('B116',10,'004.072',1);
INSERT INTO callno VALUES ('B116',14,'QA76.27C75 1987',1);
INSERT INTO callno VALUES ('Z117',10,'338.06',1);
INSERT INTO callno VALUES ('Z117',14,'HD45.2Z83 1988',1);
INSERT INTO callno VALUES ('B118',10,'025.5',1);
INSERT INTO callno VALUES ('B118',14,'Z665B916 1983',1);
INSERT INTO callno VALUES ('N119',7,'HN59.2N34',1);
INSERT INTO callno VALUES ('N119',11,'HN59.2N34',1);
INSERT INTO callno VALUES ('S120',7,'LB2386S74',1);
INSERT INTO callno VALUES ('S120',11,'LB2386S74',1);



DROP TABLE IF EXISTS `indx`;
CREATE TABLE indx (
  accno char(6) NOT NULL,
  subcode INT(6) NOT NULL,
  PRIMARY KEY  (`accno`,`subcode`)
);



INSERT INTO indx VALUES ('A001',8);
INSERT INTO indx VALUES ('A002',6);
INSERT INTO indx VALUES ('A002',15);
INSERT INTO indx VALUES ('A004',26);
INSERT INTO indx VALUES ('B005',10);
INSERT INTO indx VALUES ('B005',24);
INSERT INTO indx VALUES ('B006',24);
INSERT INTO indx VALUES ('B007',6);
INSERT INTO indx VALUES ('B008',17);
INSERT INTO indx VALUES ('B009',10);
INSERT INTO indx VALUES ('B009',14);
INSERT INTO indx VALUES ('B009',18);
INSERT INTO indx VALUES ('B010',21);
INSERT INTO indx VALUES ('B011',10);
INSERT INTO indx VALUES ('B012',9);
INSERT INTO indx VALUES ('B013',9);
INSERT INTO indx VALUES ('B015',2);
INSERT INTO indx VALUES ('B016',10);
INSERT INTO indx VALUES ('B018',24);
INSERT INTO indx VALUES ('C019',9);
INSERT INTO indx VALUES ('C019',15);
INSERT INTO indx VALUES ('C020',24);
INSERT INTO indx VALUES ('C021',11);
INSERT INTO indx VALUES ('C022',23);
INSERT INTO indx VALUES ('C023',9);
INSERT INTO indx VALUES ('C024',10);
INSERT INTO indx VALUES ('C025',4);
INSERT INTO indx VALUES ('C026',10);
INSERT INTO indx VALUES ('C027',27);
INSERT INTO indx VALUES ('C028',24);
INSERT INTO indx VALUES ('C029',5);
INSERT INTO indx VALUES ('C030',5);
INSERT INTO indx VALUES ('C031',13);
INSERT INTO indx VALUES ('C032',20);
INSERT INTO indx VALUES ('C033',10);
INSERT INTO indx VALUES ('C033',24);
INSERT INTO indx VALUES ('C034',10);
INSERT INTO indx VALUES ('D035',24);
INSERT INTO indx VALUES ('E037',6);
INSERT INTO indx VALUES ('F036',16);
INSERT INTO indx VALUES ('F038',19);
INSERT INTO indx VALUES ('F040',13);
INSERT INTO indx VALUES ('F041',12);
INSERT INTO indx VALUES ('F041',24);
INSERT INTO indx VALUES ('F042',24);
INSERT INTO indx VALUES ('F042',25);
INSERT INTO indx VALUES ('F043',10);
INSERT INTO indx VALUES ('F044',3);
INSERT INTO indx VALUES ('F045',6);
INSERT INTO indx VALUES ('F045',15);
INSERT INTO indx VALUES ('F046',1);
INSERT INTO indx VALUES ('F047',2);
INSERT INTO indx VALUES ('G048',19);
INSERT INTO indx VALUES ('G048',20);
INSERT INTO indx VALUES ('H049',10);
INSERT INTO indx VALUES ('H049',14);
INSERT INTO indx VALUES ('H049',24);
INSERT INTO indx VALUES ('H051',7);
INSERT INTO indx VALUES ('H051',23);
INSERT INTO indx VALUES ('H052',10);
INSERT INTO indx VALUES ('H053',22);
INSERT INTO indx VALUES ('H053',25);
INSERT INTO indx VALUES ('H054',10);
INSERT INTO indx VALUES ('H054',21);
INSERT INTO indx VALUES ('I055',12);
INSERT INTO indx VALUES ('I056',10);
INSERT INTO indx VALUES ('I057',8);
INSERT INTO indx VALUES ('I068',17);
INSERT INTO indx VALUES ('J058',10);
INSERT INTO indx VALUES ('J059',8);
INSERT INTO indx VALUES ('K060',6);
INSERT INTO indx VALUES ('K060',24);
INSERT INTO indx VALUES ('K061',5);
INSERT INTO indx VALUES ('L062',1);
INSERT INTO indx VALUES ('L062',25);
INSERT INTO indx VALUES ('L063',8);
INSERT INTO indx VALUES ('L063',15);
INSERT INTO indx VALUES ('M064',18);
INSERT INTO indx VALUES ('M064',24);
INSERT INTO indx VALUES ('M065',7);
INSERT INTO indx VALUES ('M066',10);
INSERT INTO indx VALUES ('M066',22);
INSERT INTO indx VALUES ('P069',14);
INSERT INTO indx VALUES ('P070',8);
INSERT INTO indx VALUES ('P070',15);
INSERT INTO indx VALUES ('P071',15);
INSERT INTO indx VALUES ('P072',24);
INSERT INTO indx VALUES ('R073',19);
INSERT INTO indx VALUES ('R074',8);
INSERT INTO indx VALUES ('R074',10);
INSERT INTO indx VALUES ('R075',26);
INSERT INTO indx VALUES ('R076',14);
INSERT INTO indx VALUES ('R077',10);
INSERT INTO indx VALUES ('R077',24);
INSERT INTO indx VALUES ('R078',8);
INSERT INTO indx VALUES ('R078',10);
INSERT INTO indx VALUES ('R078',24);
INSERT INTO indx VALUES ('S079',24);
INSERT INTO indx VALUES ('S080',19);
INSERT INTO indx VALUES ('S080',20);
INSERT INTO indx VALUES ('S080',22);
INSERT INTO indx VALUES ('S081',13);
INSERT INTO indx VALUES ('S081',24);
INSERT INTO indx VALUES ('S100',18);
INSERT INTO indx VALUES ('S101',11);
INSERT INTO indx VALUES ('S102',10);
INSERT INTO indx VALUES ('S102',18);
INSERT INTO indx VALUES ('T082',23);
INSERT INTO indx VALUES ('T083',12);
INSERT INTO indx VALUES ('T083',25);
INSERT INTO indx VALUES ('U084',6);
INSERT INTO indx VALUES ('U084',10);
INSERT INTO indx VALUES ('U084',14);
INSERT INTO indx VALUES ('U084',18);
INSERT INTO indx VALUES ('U084',25);
INSERT INTO indx VALUES ('U085',16);
INSERT INTO indx VALUES ('U085',25);
INSERT INTO indx VALUES ('U086',25);
INSERT INTO indx VALUES ('U087',10);
INSERT INTO indx VALUES ('U087',25);
INSERT INTO indx VALUES ('U088',25);
INSERT INTO indx VALUES ('U089',25);
INSERT INTO indx VALUES ('U090',1);
INSERT INTO indx VALUES ('V091',7);
INSERT INTO indx VALUES ('V092',7);
INSERT INTO indx VALUES ('V092',8);
INSERT INTO indx VALUES ('V092',10);
INSERT INTO indx VALUES ('V092',24);
INSERT INTO indx VALUES ('W093',22);
INSERT INTO indx VALUES ('W093',25);
INSERT INTO indx VALUES ('W094',5);
INSERT INTO indx VALUES ('W094',16);
INSERT INTO indx VALUES ('W095',7);
INSERT INTO indx VALUES ('W096',5);
INSERT INTO indx VALUES ('W097',6);
INSERT INTO indx VALUES ('W097',10);
INSERT INTO indx VALUES ('W098',10);
INSERT INTO indx VALUES ('W098',27);
INSERT INTO indx VALUES ('W099',8);
INSERT INTO indx VALUES ('W099',10);
INSERT INTO indx VALUES ('W099',24);
INSERT INTO indx VALUES ('M106',28);
INSERT INTO indx VALUES ('R107',29);
INSERT INTO indx VALUES ('R107',30);
INSERT INTO indx VALUES ('W108',31);
INSERT INTO indx VALUES ('C109',32);
INSERT INTO indx VALUES ('C109',33);
INSERT INTO indx VALUES ('S110',34);
INSERT INTO indx VALUES ('M111',28);
INSERT INTO indx VALUES ('R112',35);
INSERT INTO indx VALUES ('L113',36);
INSERT INTO indx VALUES ('L113',37);
INSERT INTO indx VALUES ('M114',38);
INSERT INTO indx VALUES ('S115',39);
INSERT INTO indx VALUES ('S115',40);
INSERT INTO indx VALUES ('B116',41);
INSERT INTO indx VALUES ('Z117',42);
INSERT INTO indx VALUES ('Z117',43);
INSERT INTO indx VALUES ('B118',44);
INSERT INTO indx VALUES ('N119',45);
INSERT INTO indx VALUES ('N119',46);
INSERT INTO indx VALUES ('S120',47);


DROP TABLE IF EXISTS `lib`;
CREATE TABLE lib (
  libid INT(6) NOT NULL,
  library varchar(255) default NULL,
  laddress varchar(255) default NULL,
  lcity varchar(30) default NULL,
  lstate varchar(20) default NULL,
  lzip varchar(10) default NULL,
  lphone varchar(20) default NULL,
  mop INT(6) default NULL,
  mcl INT(6) default NULL,
  tuop INT(6) default NULL,
  tucl INT(6) default NULL,
  wop INT(6) default NULL,
  wcl INT(6) default NULL,
  thop INT(6) default NULL,
  thcl INT(6) default NULL,
  fop INT(6) default NULL,
  fcl INT(6) default NULL,
  satop INT(6) default NULL,
  satcl INT(6) default NULL,
  sunop INT(6) default NULL,
  suncl INT(6) default NULL,
  PRIMARY KEY  (`libid`)
);


INSERT INTO lib VALUES (1,'DOE LIBRARY','','BERKELEY','CA','94720','4156423403',800,2200,800,2200,800,2200,800,2200,800,1700,900,1700,1300,2200);
INSERT INTO lib VALUES (2,'MOFFITT LIBRARY','','BERKELEY','CA','94720','4156425070',800,2400,800,2400,800,2400,800,2400,800,1800,1000,1800,1000,2400);
INSERT INTO lib VALUES (3,'EDUCATION-PSYCHOLOGY LIBRARY','2600 TOLMAN HALL','BERKELEY','CA','94720','4156424208',900,2100,900,2100,900,2100,900,2100,900,1700,1300,1700,1300,1700);
INSERT INTO lib VALUES (4,'BERKELEY PUBLIC LIBRARY - MAIN BRANCH','SHATTUCK AVE. and KITTREDGE','BERKELEY','CA','94704','4156446100',900,2100,900,2100,900,2100,900,2100,900,1800,900,1800,1300,1700);
INSERT INTO lib VALUES (5,'BERKELEY PUBLIC LIBRARY - CLAREMONT BRANCH','2940 BENVENUE AVE.','BERKELEY','CA','94705','4156446880',1000,2100,1000,2100,1000,2100,1000,2100,1000,1800,1000,1800,0,0);
INSERT INTO lib VALUES (6,'OAKLAND PUBLIC LIBRARY','125 14TH STREET','OAKLAND','CA','94612','4152733134',900,1900,900,1900,900,1900,900,1900,900,1700,1000,1700,1200,1700);
INSERT INTO lib VALUES (7,'SAN FRANCISCO PUBLIC LIBRARY - MAIN BRANCH','CIVIC CENTER','SAN FRANCISCO','CA','94102','4155583191',900,2100,900,2100,900,2100,900,2100,900,1800,900,1800,0,0);
INSERT INTO lib VALUES (8,'SAN FRANCISCO PUBLIC LIBRARY - CHINATOWN B','1135 POWELL','SAN FRANCISCO','CA','94108','4159896770',900,1900,1000,1900,900,1700,900,2000,900,1700,1100,1700,1300,1800);
INSERT INTO lib VALUES (9,'MECHANICS INSTITUTE LIBRARY','57 POST STREET','SAN FRANCISCO','CA','94104','4154211750',1000,1600,1000,1600,1000,1700,1000,1700,1000,1700,0,0,0,0);
INSERT INTO lib VALUES (10,'STANFORD UNIVERSITY LIBRARIES','','STANFORD','CA','94305','4154971811',800,2000,800,2000,800,2000,800,2000,800,1700,1300,1700,1300,2000);
INSERT INTO lib VALUES (11,'SAN JOSE STATE UNIVERSITY LIBRARY','125 S 7TH STREET','SAN JOSE','CA','95112','4082273373',900,2000,900,2000,900,2000,900,2000,900,1700,1200,1700,1300,1700);
INSERT INTO lib VALUES (12,'STATE OF CALIFORNIA LIBRARY','9TH and CAPITOL MALL','SACRAMENTO','CA','95814','9164454374',1000,1600,1000,1600,1000,1600,1000,1600,1000,1500,0,0,0,0);
INSERT INTO lib VALUES (13,'COLLEGE OF MARIN LIBRARY','','KENTFIELD','CA','94904','4154859470',800,2200,800,2200,800,2200,800,2200,800,1800,1300,1700,0,0);
INSERT INTO lib VALUES (14,'LIBRARY OF CONGRESS','1ST BET. E. CAPITOL and IND','WASHINGTON','DC','20540','7034265000',900,1700,900,1700,900,1700,900,1700,900,1700,0,0,0,0);

DROP TABLE IF EXISTS `pub`;
CREATE TABLE pub (
  pubid INT(6) NOT NULL,
  publisher varchar(255) default NULL,
  paddresschar varchar(255) default NULL,
  pcity varchar(30) default NULL,
  pstate varchar(20) default NULL,
  pzip varchar(10) default NULL,
  pphone varchar(20) default NULL,
  ship INT(6) default NULL,
  PRIMARY KEY  (`pubid`)
);



INSERT INTO pub VALUES (1,'ALLYN AND BACON INC.','LINK DRIVE','ROCKLEIGH','NJ','07647','2016432652',20);
INSERT INTO pub VALUES (2,'AMERICAN ACADEMY OF ARTS AND S','165 ALLANDALE','JAMAICA','MA','','3175222400',0);
INSERT INTO pub VALUES (3,'AMERICAN ASSOC. OF STATE COLLE','1 DUPONT CIR NW','WASHINGTON','DC','','7032937070',28);
INSERT INTO pub VALUES (4,'AMERICAN LIBRARY ASSOCIATION','50 E. HURON','CHICAGO','IL','60611','3129446780',45);
INSERT INTO pub VALUES (5,'ARLINGTON HOUSE PUBS.','165 HUGENOT ST.','NEW ROCHELLE','NY','10801','2126549876',14);
INSERT INTO pub VALUES (6,'ATHERTON PRESS INC.','1841 BROADWAY','NEW YORK','NY','','2125862118',19);
INSERT INTO pub VALUES (7,'BALLANTINE BOOKS INC.','400 HAHN RD.','WESTMINSTER','MD','21157','3012567456',120);
INSERT INTO pub VALUES (8,'BANTAM BOOKS INC.','414 E. GOLF RD.','DES PLAINS','IL','60016','1234567890',14);
INSERT INTO pub VALUES (9,'BASIC BOOKS INC.','10 E. 53RD ST.','NEW YORK','NY','10022','2128455759',30);
INSERT INTO pub VALUES (10,'BEACON PRESS INC.','25 BEACON ST.','BOSTON','MA','02108','6177239625',30);
INSERT INTO pub VALUES (11,'CENTER FOR STUDY OF HIGHER EDU','','BERKELEY','CA','94720','4156425876',2);
INSERT INTO pub VALUES (12,'CHANGE MAGAZINE','NBW TOWER','NEW ROCHELLE','NY','10801','2126432687',15);
INSERT INTO pub VALUES (13,'COLLEGE OF SAN MATEO','','SAN MATEO','CA','','',10);
INSERT INTO pub VALUES (14,'COLLEGE PLACEMENT COUNCIL','62 HIGHLAND AVE.','BETHLEHEM','PA','18017','2158681421',60);
INSERT INTO pub VALUES (15,'DAVID MCKAY COMPANY INC.','750 3RD AVE.','NEW YORK','NY','10017','2123409800',0);
INSERT INTO pub VALUES (16,'DELL PUBLISHING CO. INC.','1 DAG HAMMARSKJOLD','NEW YORK','NY','10017','2126053000',21);
INSERT INTO pub VALUES (17,'DIABLO PRESS','P.O. BOX 7042','BERKELEY','CA','94707','4155271177',5);
INSERT INTO pub VALUES (18,'DOUBLEDAY AND COMPANY INC.','501 FRANKLIN AVE.','GARDEN CITY','NY','11530','',25);
INSERT INTO pub VALUES (19,'EDUCATIONAL TESTING SERVICE','BOX 2891','PRINCETON','NJ','08541','6099219000',25);
INSERT INTO pub VALUES (20,'ERIC CLEARINGHOUSE ON HIGHER E','1 DUPONT CIR NW','WASHINGTON','DC','','',42);
INSERT INTO pub VALUES (21,'FAWCETT WORLD LIBRARY','1515 BROADWAY','NEW YORK','NY','10036','2128693000',16);
INSERT INTO pub VALUES (22,'GULLICK PRESS','','BERKELEY','CA','','',7);
INSERT INTO pub VALUES (23,'HARCOURT BRACE JOVANOVICH INC.','757 3RD AVE.','NEW YORK','NY','10017','2128884444',6);
INSERT INTO pub VALUES (24,'HARPER AND ROW PUBLISHERS INC.','KEYSTONE IND. PARK','SCRANTON','PA','18512','2124683456',60);
INSERT INTO pub VALUES (25,'HARVARD UNIVERSITY PRESS','79 GARDEN STREET','CAMBRIDGE','MA','O2138','6174952600',12);
INSERT INTO pub VALUES (26,'ILLINOIS BOARD OF HIGHER EDUCA','','SPRINGFIELD','IL','','',0);
INSERT INTO pub VALUES (27,'JOSSEY-BASS INC. PUBS.','615 MONTGOMERY ST.','SAN FRANCISCO','CA','94111','4154331740',5);
INSERT INTO pub VALUES (28,'LYNDON BAINES JOHNSON SCHOOL','DRAWER DY','AUSTIN','TX','78712','5124715713',20);
INSERT INTO pub VALUES (29,'M.I.T. PRESS','28 CARLETON ST.','CAMBRIDGE','MA','02142','6172537297',7);
INSERT INTO pub VALUES (30,'MCGRAW-HILL BOOK CO.','1211 AVENUE OF THE A','NEW YORK','NY','10036','',28);
INSERT INTO pub VALUES (31,'NEW AMERICAN LIBRARY','1633 BROADWAY','NEW YORK','NY','','2129563800',90);
INSERT INTO pub VALUES (32,'O.E.C.D. PUBLICATIONS CENTER','1750 PENNSYLVANIA AV','WASHINGTON','DC','20006','',9);
INSERT INTO pub VALUES (33,'OAKLAND UNIVERSITY','','ROCHESTER','MI','','',0);
INSERT INTO pub VALUES (34,'OXFORD UNIVERSITY PRESS INC.','16-00 POLLITT DR.','FAIR LAWN','NJ','07410','',5);
INSERT INTO pub VALUES (35,'PATTERSON SMITH','23 PROSPECT TERRACE','MONTCLAIR','NJ','07042','2017443291',0);
INSERT INTO pub VALUES (36,'PENGUIN BOOKS INC.','625 MADISON AVE.','NEW YORK','NY','10022','2123570785',20);
INSERT INTO pub VALUES (37,'PROFESSIONAL EDUCATORS PUBLICA','P. O. BOX 80728','LINCOLN','NB','','',21);
INSERT INTO pub VALUES (38,'RADCLIFFE COLLEGE','','CAMBRIDGE','MA','','6174958615',15);
INSERT INTO pub VALUES (39,'RAND CORPORATION','1700 MAIN STREET','SANTA MONICA','CA','90406','2133930411',10);
INSERT INTO pub VALUES (40,'SEABURY PRESS INC.','815SECOND AVE.','NEW YORK','NY','10017','2125408800',15);
INSERT INTO pub VALUES (41,'SOUTH HALL PRESS','','BERKELEY','CA','94720','4156421694',1);
INSERT INTO pub VALUES (42,'STANFORD UNIVERSITY PRESS','','STANFORD','CA','94305','',7);
INSERT INTO pub VALUES (43,'STATE OF WASHINGTON','','OLYMPIA','WA','','',90);
INSERT INTO pub VALUES (44,'TEACHERS COLLEGE PRESS','1234 AMSTERDAM AVE.','NEW YORK','NY','','2126783991',15);
INSERT INTO pub VALUES (45,'THE BOARD','','OLYMPIA','WA','','',0);
INSERT INTO pub VALUES (46,'THE BROOKINGS INSTITUTION','1775 MASSACHUSETTS','WASHINGTON','DC','20036','2027976254',0);
INSERT INTO pub VALUES (47,'THE COMMISSION TO STUDY NON/PU','','','IL','','',0);
INSERT INTO pub VALUES (48,'THE FEMINEST PRESS','SUNY/COLLEGE AT OLD','OLD WESTBURY','NY','11568','',10);
INSERT INTO pub VALUES (49,'THE FUND FOR ADULT EDUCATION','','','','','',0);
INSERT INTO pub VALUES (50,'THE REGENTS OF THE UNIVERSITY','','BERKELEY','CA','94720','',10);
INSERT INTO pub VALUES (51,'THE WESTERN INTERSTATE COMMISS','','BOULDER','CO','','',90);
INSERT INTO pub VALUES (52,'U. S. OFFICE OF EDUCATION','400 MARYLAND AVE SW','WASHINGTON','DC','','7032458707',30);
INSERT INTO pub VALUES (53,'UNESCO','9 PL FONTENOY 7E','PARIS','FR','','5665757',60);
INSERT INTO pub VALUES (54,'UNIVERSITY OF CALIFORNIA','','BERKELEY','CA','94720','',0);
INSERT INTO pub VALUES (55,'UNIVERSITY OF CALIFORNIA PRESS','2223 FULTON ST.','BERKELEY','CA','94720','4156424247',10);
INSERT INTO pub VALUES (56,'UNIVERSITY OF CHICAGO PRESS','11030 S. LANGLEY AVE','CHICAGO','IL','60628','',30);
INSERT INTO pub VALUES (57,'UNIVERSITY OF TORONTO PRESS','33 E. TUPPER ST.','BUFFALO','NY','14208','',35);
INSERT INTO pub VALUES (58,'VINTAGE BOOKS','201 E. 50','NEW YORK','NY','','2127512600',21);
INSERT INTO pub VALUES (59,'W. W. NORTON and CO. INC.','500 FIFTH AVE.','NEW YORK','NY','10036','2123545500',0);
INSERT INTO pub VALUES (60,'WILLIAM MORROW','105 MADISON AVE.','NEW YORK','NY','','2128893050',25);
INSERT INTO pub VALUES (63,'JOHN WILEY and SONS','1000 FLATBUSH AVE.','NEW YORK','NY','10036','2128369999',21);
INSERT INTO pub VALUES (64,'LIBRARIES UNLIMITED, INC.','P.O. BOX 3988','ENGLEWOOD','CO','80155','3037718888',14);
INSERT INTO pub VALUES (65,'SAGE PUBLICATIONS, INC.','275 SOUTH BEVERLY DR','BEVERLY HILLS','CA','90212','8059688553',10);
INSERT INTO pub VALUES (66,'ADDISON-WESLEY PUBLISHING CO.','6 6TH ST.','READING','MA','01267','4099457777',30);
INSERT INTO pub VALUES (67,'UNIVERSITY OF WISCONSIN PRESS','114 NORTH MURRAY ST.','MADISON','WI','53715','6063328712',45);
INSERT INTO pub VALUES (68,'YOURDON PRESS','22 PRENTICE HALL ST.','ENGLEWOOD CLIFF','NJ','07632','2027761234',30);
INSERT INTO pub VALUES (69,'ORBIS BOOKS','1212 PARK PLACE','MARYKNOLL','NY','10545','2124437878',30);
INSERT INTO pub VALUES (70,'PERGAMON PRESS, INC.','FAIRVIEW PARK','ELMSFORD','NY','10523','2126670909',30);
INSERT INTO pub VALUES (71,'WARNER BOOKS, INC.','75 ROCKEFELLER PLAZA','NEW YORK','NY','10019','2128366543',30);
INSERT INTO pub VALUES (72,'ST. MARTINS PRESS','175 FIFTH AVENUE','NEW YORK','NY','10010','2127712859',40);
INSERT INTO pub VALUES (73,'G.K. HALL and CO.','70 LINCOLN ST.','BOSTON','MA','02111','4149437677',35);
INSERT INTO pub VALUES (74,'INFOBOOKS','P.O. BOX 1018','SANTA MONICA','CA','90406','8056431155',14);

DROP TABLE IF EXISTS `sub`;
CREATE TABLE sub (
  subcode INT NOT NULL,
  subject varchar(255) NOT NULL,
  PRIMARY KEY  (`subcode`)
);


INSERT INTO sub VALUES (1,'ADULT EDUCATION');
INSERT INTO sub VALUES (2,'AFRO-AMERICAN EDUCATION');
INSERT INTO sub VALUES (3,'COLLEGE TEACHERS - SALARIES');
INSERT INTO sub VALUES (4,'COLLEGE TEACHERS - TENURE');
INSERT INTO sub VALUES (5,'COMMUNITY COLLEGES');
INSERT INTO sub VALUES (6,'EDUCATION - AIMS AND OBJECTIVES');
INSERT INTO sub VALUES (7,'EDUCATION - PHILOSOPHY');
INSERT INTO sub VALUES (8,'EDUCATION - U.S.');
INSERT INTO sub VALUES (9,'EDUCATION AND EMPLOYMENT');
INSERT INTO sub VALUES (10,'HIGHER EDUCATION');
INSERT INTO sub VALUES (11,'EDUCATIONAL ACCOUNTABILITY');
INSERT INTO sub VALUES (12,'EDUCATIONAL INNOVATIONS');
INSERT INTO sub VALUES (13,'EDUCATIONAL LAW AND LEGISLATION');
INSERT INTO sub VALUES (14,'EDUCATIONAL PLANNING');
INSERT INTO sub VALUES (15,'EDUCATIONAL SOCIOLOGY');
INSERT INTO sub VALUES (16,'INFORMATION SERVICES');
INSERT INTO sub VALUES (17,'INTELLECTUALS');
INSERT INTO sub VALUES (18,'PROFESSIONAL EDUCATION');
INSERT INTO sub VALUES (19,'SCHOOL MANAGEMENT AND FINANCE');
INSERT INTO sub VALUES (20,'SEX DISCRIMINATION');
INSERT INTO sub VALUES (21,'SOCIAL CHANGE');
INSERT INTO sub VALUES (22,'STUDENT MOVEMENTS');
INSERT INTO sub VALUES (23,'TEACHING');
INSERT INTO sub VALUES (24,'UNIVERSITIES AND COLLEGES');
INSERT INTO sub VALUES (25,'UNIVERSITY OF CALIFORNIA');
INSERT INTO sub VALUES (26,'VOCATIONAL EDUCATION');
INSERT INTO sub VALUES (27,'WOMEN - SOCIAL CONDITIONS');
INSERT INTO sub VALUES (28,'INFORMATION SCIENCE');
INSERT INTO sub VALUES (29,'COMMUNICATION - ECONOMIC ASPECTS');
INSERT INTO sub VALUES (30,'COMMUNICATION POLICY - US');
INSERT INTO sub VALUES (31,'INFORMATION TECHNOLOGY');
INSERT INTO sub VALUES (32,'DATA BASE MANAGEMENT');
INSERT INTO sub VALUES (33,'RELATIONAL DATA BASES');
INSERT INTO sub VALUES (34,'LIBRARY SCIENCE - FORECASTING');
INSERT INTO sub VALUES (35,'PROGRAMMING');
INSERT INTO sub VALUES (36,'COMMUNICATION, INTERNATIONAL');
INSERT INTO sub VALUES (37,'WOMEN IN COMMUNICATION');
INSERT INTO sub VALUES (38,'POETRY');
INSERT INTO sub VALUES (39,'MANAGEMENT - DATA PROCESSING');
INSERT INTO sub VALUES (40,'STRATEGIC PLANNING');
INSERT INTO sub VALUES (41,'ELECTRONIC DATA PROCESSING');
INSERT INTO sub VALUES (42,'AUTOMATION - ECONOMIC ASPECTS');
INSERT INTO sub VALUES (43,'MACHINERY IN INDUSTRY');
INSERT INTO sub VALUES (44,'LIBRARY SCIENCE');
INSERT INTO sub VALUES (45,'U.S. - SOCIAL CONDITIONS - 1970-');
INSERT INTO sub VALUES (46,'SOCIAL INDICATORS - U.S.');
INSERT INTO sub VALUES (47,'DISSERTATIONS, ACADEMIC');
INSERT INTO sub VALUES (48,'OPTICAL DISKS');
INSERT INTO sub VALUES (49,'LIBRARIES - AUTOMATION');
INSERT INTO sub VALUES (50,'CD-ROM');
INSERT INTO sub VALUES (51,'ELECTRONIC DIGITAL COMPUTERS');

DROP TABLE IF EXISTS `tkey`;
CREATE TABLE tkey (
  word varchar(100) default NULL,
  accno char(6) default NULL
);


INSERT INTO tkey VALUES ('1980','C033');
INSERT INTO tkey VALUES ('ACADEMIC','B018');
INSERT INTO tkey VALUES ('ACADEMIC','F042');
INSERT INTO tkey VALUES ('ACADEMIC','J058');
INSERT INTO tkey VALUES ('ACADEMIC','U086');
INSERT INTO tkey VALUES ('ACADEMICA','C022');
INSERT INTO tkey VALUES ('ACCENT','F046');
INSERT INTO tkey VALUES ('ACT','E040');
INSERT INTO tkey VALUES ('ACTIVITY','P070');
INSERT INTO tkey VALUES ('ADMINISTRATION','E038');
INSERT INTO tkey VALUES ('AFFECTING','K061');
INSERT INTO tkey VALUES ('AFFIRMATIVE','G048');
INSERT INTO tkey VALUES ('AFTER','A002');
INSERT INTO tkey VALUES ('AGAINST','B013');
INSERT INTO tkey VALUES ('AGE','Z117');
INSERT INTO tkey VALUES ('AIMS','W095');
INSERT INTO tkey VALUES ('ALA','A003');
INSERT INTO tkey VALUES ('ALL','L113');
INSERT INTO tkey VALUES ('AMERICA','B007');
INSERT INTO tkey VALUES ('AMERICA','E037');
INSERT INTO tkey VALUES ('AMERICA','W099');
INSERT INTO tkey VALUES ('AMERICAN','A001');
INSERT INTO tkey VALUES ('AMERICAN','A004');
INSERT INTO tkey VALUES ('AMERICAN','B005');
INSERT INTO tkey VALUES ('AMERICAN','F043');
INSERT INTO tkey VALUES ('AMERICAN','I057');
INSERT INTO tkey VALUES ('AMERICAN','R077');
INSERT INTO tkey VALUES ('AMERICAN','R078');
INSERT INTO tkey VALUES ('AMERICAN','V092');
INSERT INTO tkey VALUES ('ANALYTIC','F046');
INSERT INTO tkey VALUES ('ANNUAL','C023');
INSERT INTO tkey VALUES ('ART','B014');
INSERT INTO tkey VALUES ('ART','H051');
INSERT INTO tkey VALUES ('BACCALAUREATE','B011');
INSERT INTO tkey VALUES ('BANSALEM','F041');
INSERT INTO tkey VALUES ('BEATS','P072');
INSERT INTO tkey VALUES ('BERKELEY','T083');
INSERT INTO tkey VALUES ('BERKELEY','U085');
INSERT INTO tkey VALUES ('BERKELEY','U087');
INSERT INTO tkey VALUES ('BERKELEY','W093');
INSERT INTO tkey VALUES ('BETWEEN','M065');
INSERT INTO tkey VALUES ('BLACK','B015');
INSERT INTO tkey VALUES ('BLACK','F047');
INSERT INTO tkey VALUES ('BOOKS','K062');
INSERT INTO tkey VALUES ('BUDGETING','H049');
INSERT INTO tkey VALUES ('BULLET','A003');
INSERT INTO tkey VALUES ('CAMPUS','C033');
INSERT INTO tkey VALUES ('CAMPUS','S080');
INSERT INTO tkey VALUES ('CAMPUS','U085');
INSERT INTO tkey VALUES ('CAMPUS','W098');
INSERT INTO tkey VALUES ('CARNEGIE','C034');
INSERT INTO tkey VALUES ('CASE','B013');
INSERT INTO tkey VALUES ('CASE','C029');
INSERT INTO tkey VALUES ('CHANGING','C027');
INSERT INTO tkey VALUES ('CHANGING','C027');
INSERT INTO tkey VALUES ('CHANGING','E037');
INSERT INTO tkey VALUES ('CLOSED','R077');
INSERT INTO tkey VALUES ('COLLEGE','B013');
INSERT INTO tkey VALUES ('COLLEGE','C023');
INSERT INTO tkey VALUES ('COLLEGE','C024');
INSERT INTO tkey VALUES ('COLLEGE','C029');
INSERT INTO tkey VALUES ('COLLEGE','D035');
INSERT INTO tkey VALUES ('COLLEGE','H052');
INSERT INTO tkey VALUES ('COLLEGE','R078');
INSERT INTO tkey VALUES ('COLLEGE','W094');
INSERT INTO tkey VALUES ('COLLEGES','F041');
INSERT INTO tkey VALUES ('COLLEGES','F047');
INSERT INTO tkey VALUES ('COLLEGES','W096');
INSERT INTO tkey VALUES ('COMING','B010');
INSERT INTO tkey VALUES ('COMMISSION','C034');
INSERT INTO tkey VALUES ('COMMUNICATION','L113');
INSERT INTO tkey VALUES ('COMMUNICATION','U088');
INSERT INTO tkey VALUES ('COMMUNITY','U090');
INSERT INTO tkey VALUES ('COMMUNITY','W094');
INSERT INTO tkey VALUES ('COMPLETE','S120');
INSERT INTO tkey VALUES ('COMPUTER','W094');
INSERT INTO tkey VALUES ('CONCEPTS','P071');
INSERT INTO tkey VALUES ('CONGRESS','E040');
INSERT INTO tkey VALUES ('CONSCIOUSNESS','F045');
INSERT INTO tkey VALUES ('CONTEMPORARY','C020');
INSERT INTO tkey VALUES ('CONTEXT','B118');
INSERT INTO tkey VALUES ('CONTINUING','R076');
INSERT INTO tkey VALUES ('CORPORATION','R077');
INSERT INTO tkey VALUES ('CRITICAL','B116');
INSERT INTO tkey VALUES ('CRITICAL','F045');
INSERT INTO tkey VALUES ('CURRICULUM','H052');
INSERT INTO tkey VALUES ('DECADE','U090');
INSERT INTO tkey VALUES ('DEPRESSION','C028');
INSERT INTO tkey VALUES ('DESCHOOLING','A002');
INSERT INTO tkey VALUES ('DEVELOPING','H049');
INSERT INTO tkey VALUES ('DEVELOPMENT','C030');
INSERT INTO tkey VALUES ('DEVELOPMENT','R075');
INSERT INTO tkey VALUES ('DEVELOPMENT','U090');
INSERT INTO tkey VALUES ('DIGEST','C034');
INSERT INTO tkey VALUES ('DIRECTIONS','S100');
INSERT INTO tkey VALUES ('DISCRIMINATION','G048');
INSERT INTO tkey VALUES ('DOCTORAL','S120');
INSERT INTO tkey VALUES ('DOOR','W096');
INSERT INTO tkey VALUES ('ECONOMICS','E036');
INSERT INTO tkey VALUES ('ECONOMICS','R107');
INSERT INTO tkey VALUES ('ECONOMY','M111');
INSERT INTO tkey VALUES ('EDUCATING','E037');
INSERT INTO tkey VALUES ('EDUCATION','A001');
INSERT INTO tkey VALUES ('EDUCATION','A004');
INSERT INTO tkey VALUES ('EDUCATION','B012');
INSERT INTO tkey VALUES ('EDUCATION','B015');
INSERT INTO tkey VALUES ('EDUCATION','C026');
INSERT INTO tkey VALUES ('EDUCATION','C028');
INSERT INTO tkey VALUES ('EDUCATION','F045');
INSERT INTO tkey VALUES ('EDUCATION','I056');
INSERT INTO tkey VALUES ('EDUCATION','I057');
INSERT INTO tkey VALUES ('EDUCATION','I068');
INSERT INTO tkey VALUES ('EDUCATION','K063');
INSERT INTO tkey VALUES ('EDUCATION','M064');
INSERT INTO tkey VALUES ('EDUCATION','M065');
INSERT INTO tkey VALUES ('EDUCATION','M067');
INSERT INTO tkey VALUES ('EDUCATION','P069');
INSERT INTO tkey VALUES ('EDUCATION','R074');
INSERT INTO tkey VALUES ('EDUCATION','R076');
INSERT INTO tkey VALUES ('EDUCATION','S081');
INSERT INTO tkey VALUES ('EDUCATION','S100');
INSERT INTO tkey VALUES ('EDUCATION','U087');
INSERT INTO tkey VALUES ('EDUCATION','V091');
INSERT INTO tkey VALUES ('EDUCATION','W095');
INSERT INTO tkey VALUES ('EDUCATIONAL','B017');
INSERT INTO tkey VALUES ('EDUCATIONAL','E038');
INSERT INTO tkey VALUES ('EDUCATIONAL','E039');
INSERT INTO tkey VALUES ('EDUCATIONAL','L063');
INSERT INTO tkey VALUES ('EMERGENCE','V092');
INSERT INTO tkey VALUES ('ENGLISH','F043');
INSERT INTO tkey VALUES ('ESSAYS','W095');
INSERT INTO tkey VALUES ('EXAMINE','S101');
INSERT INTO tkey VALUES ('EXPERIMENT','T083');
INSERT INTO tkey VALUES ('EXPERIMENTAL','F041');
INSERT INTO tkey VALUES ('FACTORS','K061');
INSERT INTO tkey VALUES ('FACULTY','C021');
INSERT INTO tkey VALUES ('FACULTY','C025');
INSERT INTO tkey VALUES ('FACULTY','U089');
INSERT INTO tkey VALUES ('FINANCE','R073');
INSERT INTO tkey VALUES ('FIVE','F041');
INSERT INTO tkey VALUES ('FIVE','M067');
INSERT INTO tkey VALUES ('FLEXIBILITY','E039');
INSERT INTO tkey VALUES ('FUTURE','C033');
INSERT INTO tkey VALUES ('FUTURE','E039');
INSERT INTO tkey VALUES ('FUTURE','F047');
INSERT INTO tkey VALUES ('FUTURE','S110');
INSERT INTO tkey VALUES ('FUTURE','U084');
INSERT INTO tkey VALUES ('GERMAN','F043');
INSERT INTO tkey VALUES ('GIRL','C032');
INSERT INTO tkey VALUES ('GO','C032');
INSERT INTO tkey VALUES ('GOVERNMENT','S079');
INSERT INTO tkey VALUES ('GRADUATE','M064');
INSERT INTO tkey VALUES ('GRADUATE','S081');
INSERT INTO tkey VALUES ('GRADUATE','U084');
INSERT INTO tkey VALUES ('GREAT','B012');
INSERT INTO tkey VALUES ('GREAT','J059');
INSERT INTO tkey VALUES ('GREAT','K062');
INSERT INTO tkey VALUES ('GROUPS','K062');
INSERT INTO tkey VALUES ('GUIDE','R112');
INSERT INTO tkey VALUES ('HANDBOOK','U089');
INSERT INTO tkey VALUES ('HAPPENED','M066');
INSERT INTO tkey VALUES ('HIGHER','C026');
INSERT INTO tkey VALUES ('HIGHER','C028');
INSERT INTO tkey VALUES ('HIGHER','I056');
INSERT INTO tkey VALUES ('HIGHER','R074');
INSERT INTO tkey VALUES ('HIGHER','W099');
INSERT INTO tkey VALUES ('HISTORY','F046');
INSERT INTO tkey VALUES ('HOUSE','B008');
INSERT INTO tkey VALUES ('HOW','B005');
INSERT INTO tkey VALUES ('HOW','S120');
INSERT INTO tkey VALUES ('HUMANE','J059');
INSERT INTO tkey VALUES ('IDEA','I055');
INSERT INTO tkey VALUES ('IDEAL','W097');
INSERT INTO tkey VALUES ('INFORMATION','B116');
INSERT INTO tkey VALUES ('INFORMATION','E036');
INSERT INTO tkey VALUES ('INFORMATION','M106');
INSERT INTO tkey VALUES ('INFORMATION','M111');
INSERT INTO tkey VALUES ('INFORMATION','R107');
INSERT INTO tkey VALUES ('INFORMATION','S115');
INSERT INTO tkey VALUES ('INFORMATION','W108');
INSERT INTO tkey VALUES ('INSTITUTIONAL','C024');
INSERT INTO tkey VALUES ('INTELLECT','B008');
INSERT INTO tkey VALUES ('INTELLECTUALS','L068');
INSERT INTO tkey VALUES ('INTERDEPA','U088');
INSERT INTO tkey VALUES ('INTO','C032');
INSERT INTO tkey VALUES ('INTRODUCTION','I068');
INSERT INTO tkey VALUES ('INVESTIGATION','B014');
INSERT INTO tkey VALUES ('IMPLEMENTING','B009');
INSERT INTO tkey VALUES ('ISSUES','B018');
INSERT INTO tkey VALUES ('ISSUES','B116');
INSERT INTO tkey VALUES ('ISSUES','I057');
INSERT INTO tkey VALUES ('IT','B005');
INSERT INTO tkey VALUES ('JOBS','B012');
INSERT INTO tkey VALUES ('KENT','M066');
INSERT INTO tkey VALUES ('KNOWLEDGE','E036');
INSERT INTO tkey VALUES ('LANGUAGES','T082');
INSERT INTO tkey VALUES ('LAW','C031');
INSERT INTO tkey VALUES ('LEARNING','B009');
INSERT INTO tkey VALUES ('LEARNING','F046');
INSERT INTO tkey VALUES ('LEARNING','H054');
INSERT INTO tkey VALUES ('LEARNING','J059');
INSERT INTO tkey VALUES ('LEARNING','L062');
INSERT INTO tkey VALUES ('LEARNING','W099');
INSERT INTO tkey VALUES ('LECTURES','C024');
INSERT INTO tkey VALUES ('LECTURES','M067');
INSERT INTO tkey VALUES ('LIBERAL','V091');
INSERT INTO tkey VALUES ('LIBERATION','W098');
INSERT INTO tkey VALUES ('LIBRARY','B118');
INSERT INTO tkey VALUES ('LIBRARY','S110');
INSERT INTO tkey VALUES ('LIFE','S080');
INSERT INTO tkey VALUES ('LIFELONG','L062');
INSERT INTO tkey VALUES ('LIMITS','L063');
INSERT INTO tkey VALUES ('LIVING','P072');
INSERT INTO tkey VALUES ('MACHINE','Z117');
INSERT INTO tkey VALUES ('MANAGING','B006');
INSERT INTO tkey VALUES ('MANIFESTO','B015');
INSERT INTO tkey VALUES ('MANPOWER','S102');
INSERT INTO tkey VALUES ('MARIA','M114');
INSERT INTO tkey VALUES ('MEASURING','W108');
INSERT INTO tkey VALUES ('MEDICINE','C032');
INSERT INTO tkey VALUES ('MEGATRENDS','N119');
INSERT INTO tkey VALUES ('MEMBERS','U089');
INSERT INTO tkey VALUES ('MICROCOSMOGRAPHIA','C022');
INSERT INTO tkey VALUES ('MODEL','C109');
INSERT INTO tkey VALUES ('MODERN','T082');
INSERT INTO tkey VALUES ('MORAL','M067');
INSERT INTO tkey VALUES ('NATION','E037');
INSERT INTO tkey VALUES ('NEW','C028');
INSERT INTO tkey VALUES ('NEW','I055');
INSERT INTO tkey VALUES ('NEW','S100');
INSERT INTO tkey VALUES ('ONE','J059');
INSERT INTO tkey VALUES ('OPEN','W096');
INSERT INTO tkey VALUES ('OPENDOOR','C029');
INSERT INTO tkey VALUES ('OTHER','W095');
INSERT INTO tkey VALUES ('PAY','F044');
INSERT INTO tkey VALUES ('PEOPLE','U085');
INSERT INTO tkey VALUES ('PERFORMANCE','K061');
INSERT INTO tkey VALUES ('PHILOSOPHY','I068');
INSERT INTO tkey VALUES ('PLACEMENT','C023');
INSERT INTO tkey VALUES ('PLAN','U086');
INSERT INTO tkey VALUES ('PLAN','W094');
INSERT INTO tkey VALUES ('PLANNING','P069');
INSERT INTO tkey VALUES ('POETRY','M114');
INSERT INTO tkey VALUES ('POLICY','R107');
INSERT INTO tkey VALUES ('POLITICAL','M111');
INSERT INTO tkey VALUES ('POSTINDUSTRIAL','B010');
INSERT INTO tkey VALUES ('PRESIDENTS','H050');
INSERT INTO tkey VALUES ('PRIVATE','C026');
INSERT INTO tkey VALUES ('PRIVATE','I056');
INSERT INTO tkey VALUES ('PROFESSIONAL','M064');
INSERT INTO tkey VALUES ('PROFESSIONAL','S100');
INSERT INTO tkey VALUES ('PROFESSIONAL','U084');
INSERT INTO tkey VALUES ('PROFESSORS','F044');
INSERT INTO tkey VALUES ('PROFESSORS','S101');
INSERT INTO tkey VALUES ('PROGRAM','H049');
INSERT INTO tkey VALUES ('PROGRAMMERS','R112');
INSERT INTO tkey VALUES ('PROJECT','C030');
INSERT INTO tkey VALUES ('PROJECT','R075');
INSERT INTO tkey VALUES ('PSYCHOLOGY','B017');
INSERT INTO tkey VALUES ('QUICKS','B018');
INSERT INTO tkey VALUES ('RAINER','M114');
INSERT INTO tkey VALUES ('REASSESSMENT','W099');
INSERT INTO tkey VALUES ('RECOMMENDATIONS','C025');
INSERT INTO tkey VALUES ('RECUPERATION','K063');
INSERT INTO tkey VALUES ('REFORM','L063');
INSERT INTO tkey VALUES ('REFORM','M064');
INSERT INTO tkey VALUES ('REFORMING','R073');
INSERT INTO tkey VALUES ('RELATION','P069');
INSERT INTO tkey VALUES ('RELATIONAL','C109');
INSERT INTO tkey VALUES ('REPORT','C025');
INSERT INTO tkey VALUES ('REPORT','H050');
INSERT INTO tkey VALUES ('REPORT','R074');
INSERT INTO tkey VALUES ('REPORT','U087');
INSERT INTO tkey VALUES ('REPORTS','C034');
INSERT INTO tkey VALUES ('RESEARCH','C030');
INSERT INTO tkey VALUES ('RESEARCH','R075');
INSERT INTO tkey VALUES ('RESIDENCES','S080');
INSERT INTO tkey VALUES ('RESOURCES','R076');
INSERT INTO tkey VALUES ('RESTRUCTURING','B011');
INSERT INTO tkey VALUES ('REVISED','U086');
INSERT INTO tkey VALUES ('REVOLUTION','J058');
INSERT INTO tkey VALUES ('RILKE','M114');
INSERT INTO tkey VALUES ('RUNS','B005');
INSERT INTO tkey VALUES ('SCHOOL','C031');
INSERT INTO tkey VALUES ('SCHOOL','R073');
INSERT INTO tkey VALUES ('SCIENCE','H052');
INSERT INTO tkey VALUES ('SCIENTIFIC','B014');
INSERT INTO tkey VALUES ('SCIENTIFIC','S102');
INSERT INTO tkey VALUES ('SELECTED','M114');
INSERT INTO tkey VALUES ('SELF','C024');
INSERT INTO tkey VALUES ('SENATE','F042');
INSERT INTO tkey VALUES ('SERVICES','B118');
INSERT INTO tkey VALUES ('SHAPE','C033');
INSERT INTO tkey VALUES ('SLUMS','C019');
INSERT INTO tkey VALUES ('SMALL','K062');
INSERT INTO tkey VALUES ('SMART','Z117');
INSERT INTO tkey VALUES ('SOCIETY','B009');
INSERT INTO tkey VALUES ('SOCIETY','B010');
INSERT INTO tkey VALUES ('SOCIETY','C027');
INSERT INTO tkey VALUES ('SOCIETY','H054');
INSERT INTO tkey VALUES ('SOCIETY','J059');
INSERT INTO tkey VALUES ('SOCIETY','U088');
INSERT INTO tkey VALUES ('SOCIETY','W108');
INSERT INTO tkey VALUES ('SOCIOLOGY','P071');
INSERT INTO tkey VALUES ('SOME','B018');
INSERT INTO tkey VALUES ('SOME','S100');
INSERT INTO tkey VALUES ('STANFORD','S081');
INSERT INTO tkey VALUES ('STATE','M066');
INSERT INTO tkey VALUES ('STRATEGIC','S115');
INSERT INTO tkey VALUES ('STRENGTH','B016');
INSERT INTO tkey VALUES ('STRENGTHENING','C026');
INSERT INTO tkey VALUES ('STRENGTHENING','I056');
INSERT INTO tkey VALUES ('STUDENT','H053');
INSERT INTO tkey VALUES ('STUDENTS','S101');
INSERT INTO tkey VALUES ('STUDIES','L068');
INSERT INTO tkey VALUES ('STUDY','C024');
INSERT INTO tkey VALUES ('STUDY','C029');
INSERT INTO tkey VALUES ('STUDY','M106');
INSERT INTO tkey VALUES ('STUDY','S081');
INSERT INTO tkey VALUES ('SUBURBS','C019');
INSERT INTO tkey VALUES ('SUBVERSIVE','P070');
INSERT INTO tkey VALUES ('SURVIVAL','R112');
INSERT INTO tkey VALUES ('SURVIVE','S120');
INSERT INTO tkey VALUES ('SYSTEM','H049');
INSERT INTO tkey VALUES ('SYSTEMS','B116');
INSERT INTO tkey VALUES ('TEACHER','B007');
INSERT INTO tkey VALUES ('TEACHERS','C021');
INSERT INTO tkey VALUES ('TEACHING','H051');
INSERT INTO tkey VALUES ('TEACHING','P070');
INSERT INTO tkey VALUES ('TEACHING','T082');
INSERT INTO tkey VALUES ('TECHNOLOGY','S115');
INSERT INTO tkey VALUES ('TENURE','C025');
INSERT INTO tkey VALUES ('THEIR','S101');
INSERT INTO tkey VALUES ('THEORETICAL','L068');
INSERT INTO tkey VALUES ('THEORIES','P071');
INSERT INTO tkey VALUES ('THEORY','B118');
INSERT INTO tkey VALUES ('THIS','P072');
INSERT INTO tkey VALUES ('TODAYS','B006');
INSERT INTO tkey VALUES ('TRAINING','B012');
INSERT INTO tkey VALUES ('TRAINING','U090');
INSERT INTO tkey VALUES ('TRENDS','B018');
INSERT INTO tkey VALUES ('TROUBLE','W093');
INSERT INTO tkey VALUES ('TWO','M065');
INSERT INTO tkey VALUES ('UNFINISHED','W098');
INSERT INTO tkey VALUES ('UNIV','U089');
INSERT INTO tkey VALUES ('UNIVERSITIES','F043');
INSERT INTO tkey VALUES ('UNIVERSITIES','R077');
INSERT INTO tkey VALUES ('UNIVERSITY','B005');
INSERT INTO tkey VALUES ('UNIVERSITY','B006');
INSERT INTO tkey VALUES ('UNIVERSITY','B016');
INSERT INTO tkey VALUES ('UNIVERSITY','C020');
INSERT INTO tkey VALUES ('UNIVERSITY','F042');
INSERT INTO tkey VALUES ('UNIVERSITY','I055');
INSERT INTO tkey VALUES ('UNIVERSITY','K060');
INSERT INTO tkey VALUES ('UNIVERSITY','R078');
INSERT INTO tkey VALUES ('UNIVERSITY','S079');
INSERT INTO tkey VALUES ('UNIVERSITY','S080');
INSERT INTO tkey VALUES ('UNIVERSITY','V092');
INSERT INTO tkey VALUES ('UNIVERSITY','W097');
INSERT INTO tkey VALUES ('USA','C020');
INSERT INTO tkey VALUES ('USE','S115');
INSERT INTO tkey VALUES ('USES','K060');
INSERT INTO tkey VALUES ('VOCATIONALISM','A004');
INSERT INTO tkey VALUES ('WASHINGTONS','W096');
INSERT INTO tkey VALUES ('WHAT','A002');
INSERT INTO tkey VALUES ('WHAT','M066');
INSERT INTO tkey VALUES ('WHY','C032');
INSERT INTO tkey VALUES ('WHY','M066');
INSERT INTO tkey VALUES ('WOMEN','C027');
INSERT INTO tkey VALUES ('WOMEN','W098');
INSERT INTO tkey VALUES ('WORKING','P072');
INSERT INTO tkey VALUES ('WORLDS','M065');
INSERT INTO tkey VALUES ('WOULD','C032');

